customer_id,gross_revenue,recency_days,frequency
17850,5288.63,302,35
13047,3079.1,31,18
12583,7187.34,2,18
13748,948.25,95,5
15100,635.1,330,6
15291,4596.51,25,20
14688,5107.38,7,27
17809,4627.62,16,15
15311,59419.340000000004,0,118
14527,7711.38,2,86
16098,2005.63,87,7
18074,489.6,373,1
17420,598.83,50,3
16029,50992.61,38,76
16250,389.44,261,2
12431,6416.39,35,18
17511,88125.38,2,46
17548,-141.48,217,3
13705,711.86,7,3
13747,79.6,373,1
13408,27487.41,1,81
13767,16945.71,2,52
17924,2894.33,1,13
13448,3465.67,16,10
15862,832.88,8,4
15513,14520.08,31,22
12791,192.60000000000002,373,1
16218,3054.87,29,8
14045,1659.75,109,4
14307,2995.72,88,6
17908,243.28,373,1
17920,4204.1,4,17
12838,683.13,33,2
13255,390.66,3,3
16583,233.45,373,1
18085,689.95,330,2
13758,3190.55,11,7
13694,62653.1,3,60
15983,1475.02,22,4
14849,7904.28,21,28
17968,277.35,373,1
16210,21086.3,1,18
17897,541.1,172,4
17377,3925.92,23,21
16552,379.73,242,2
17181,239.92000000000002,57,2
17951,990.8400000000001,39,4
14729,313.49,373,1
12748,29072.1,0,224
15012,423.04,53,2
12868,1607.0600000000002,185,6
17572,226.75000000000003,71,4
14078,1049.37,101,6
14001,2030.3300000000002,45,4
12662,3817.08,0,12
15525,811.02,2,4
14237,161.0,373,1
17905,800.24,71,4
15485,2575.0,30,3
12433,13375.87,0,7
16955,493.67,184,5
15350,115.65,373,1
15605,1198.23,36,5
18144,2888.75,7,12
15922,363.6,372,2
14594,379.83,7,2
15165,487.75,373,1
14911,132572.62,1,248
16456,2158.37,99,5
17841,40340.78,1,169
12472,6229.48,30,13
17346,2611.58,3,16
17643,101.55,373,1
17873,1764.3600000000001,80,6
13093,7741.47,267,13
12921,16389.74,3,50
13468,5656.75,1,41
17760,287.59,21,2
16928,2781.5,80,19
16048,243.69000000000003,85,3
16274,357.95,373,1
14496,538.8100000000001,311,2
14696,2070.97,4,9
16539,1388.81,2,4
17025,357.77,60,3
13777,25748.350000000002,0,41
17690,4748.45,30,16
12947,1407.29,143,11
17460,452.63,78,8
18229,7276.900000000001,11,20
14142,311.81,373,1
17069,2655.2200000000003,28,13
13065,205.86,373,1
14606,11713.85,1,128
16835,180.85,128,2
15235,2247.51,217,12
13576,6703.3,10,20
18011,102.78999999999999,373,1
13090,8689.39,8,18
15694,6423.6,0,15
14741,1400.34,11,6
13715,1053.94,281,8
14092,4063.1,7,17
17732,303.97,372,1
12855,38.1,372,1
15752,2628.93,39,8
17855,208.97,372,1
14047,1290.01,8,7
17925,244.08,372,1
13941,4912.41,21,7
17017,8574.11,2,27
14135,4690.31,1,15
13108,350.06,372,1
12471,18740.92,2,49
15601,6745.36,11,17
13418,5845.44,11,23
14766,2423.07,8,8
15658,958.9,190,8
14388,3172.04,8,10
14901,1414.99,11,10
18041,4161.14,11,22
15955,4389.81,24,16
15070,106.2,372,1
16244,1522.75,211,2
15111,1567.48,29,3
14390,4592.47,10,13
16546,-95.93,290,3
15260,1780.77,100,8
13305,2000.86,4,10
14491,340.93,175,2
14060,6135.38,4,20
15923,127.08,372,1
16752,207.5,372,1
17287,1064.11,26,7
15363,318.05,241,2
12915,363.65,148,2
15544,3542.51,8,11
15738,4788.77,18,19
16042,1147.37,22,7
17381,20272.43,8,30
15827,1641.48,73,20
14180,4640.77,10,31
13117,984.91,21,8
16916,576.26,23,2
17964,471.7,31,2
14466,2272.4,29,7
17235,550.06,25,2
16510,248.1,372,1
17802,1251.84,82,4
15107,247.66,311,8
17976,353.19,372,1
14449,907.1,18,4
15838,33350.76,11,21
16781,294.65,365,2
17547,-11.8,372,1
13491,1215.82,51,10
16186,3991.94,22,13
17685,3191.53,16,7
17581,10736.11,0,31
15732,294.12,212,2
13138,962.39,22,6
15823,-840.76,337,2
17567,4012.56,7,10
15061,54228.74,3,55
16203,589.15,58,5
15640,12433.34,4,17
15574,702.25,177,4
16770,744.9,57,6
17838,2312.7,26,6
17228,1906.09,15,8
14829,644.65,29,6
17412,1258.06,2,7
14031,14634.640000000001,7,23
14775,1011.9,58,3
12971,10930.26,3,89
15834,2084.9,70,6
17659,2954.75,3,14
15299,3787.09,67,11
15646,425.14000000000004,157,4
13958,-102.45,372,1
14443,1400.88,53,7
14156,113384.14,9,66
16995,-1.25,372,1
13402,621.23,127,2
18168,1133.64,176,9
17757,5585.49,1,31
14625,848.48,185,5
13011,50.550000000000004,372,1
13798,36351.42,1,63
15384,635.76,169,3
14264,319.47,154,3
13295,197.95000000000002,359,2
16754,2002.4,372,1
16634,217.9,222,2
18239,1561.6100000000001,218,5
14576,35.400000000000006,372,1
13145,614.77,39,5
14395,3471.91,2,12
14865,52.2,7,2
15093,4410.14,18,9
12738,155.35,372,1
16150,1906.07,38,10
17552,909.96,42,6
14236,490.86,80,2
17961,1296.44,21,39
14573,1603.72,179,13
17135,1139.73,16,7
17396,7330.8,39,8
14213,-1192.2,371,1
12967,1194.75,3,4
12686,89.14,371,1
14679,-2.55,371,1
15240,1685.57,44,7
18225,5361.02,3,17
13370,721.32,366,2
16883,276.73,187,2
13520,3487.75,58,8
12841,3876.4,4,26
16905,3085.48,5,8
12427,708.37,11,5
17967,123.07,371,1
16891,809.7,1,5
14589,39.75,371,1
14680,26932.34,25,23
17884,717.45,3,4
12557,11990.960000000001,16,5
14083,1018.43,4,9
13013,4786.99,1,15
14210,1900.89,91,7
16477,2494.46,63,7
12600,2581.04,28,11
16013,33366.25,3,54
17949,52750.84,1,52
12779,3868.7,21,12
16926,230.25,371,1
17787,1865.19,152,4
12682,12288.22,3,31
14723,1158.3,10,6
17954,2295.37,5,16
17819,3661.0699999999997,71,8
12712,4241.63,22,17
15373,2213.11,8,13
16140,703.77,52,4
17198,692.22,23,3
17238,3744.65,2,17
12793,545.48,334,2
15769,51823.72,7,29
14396,487.99,65,2
14898,1228.32,23,8
12725,427.8,371,1
16725,775.07,302,8
12395,2998.28,15,15
16455,1841.18,63,7
13081,27964.48,1,21
15545,292.71999999999997,54,2
17243,8628.55,1,30
15465,6945.0199999999995,19,24
15708,3329.7200000000003,40,11
13089,57385.88,2,118
16033,8727.61,5,27
13838,691.73,5,4
15351,1862.14,12,10
18055,6752.14,7,11
15038,665.59,43,7
18109,7925.32,1,31
13069,3717.82,0,27
16241,2607.87,9,13
14800,4236.34,47,16
16839,15357.78,8,39
16168,3770.6,10,28
16931,4604.22,5,21
16814,6500.6,14,22
13269,5315.92,1,17
14813,155.43,369,2
12567,9114.94,22,11
17062,534.47,313,5
15332,1661.06,366,4
14810,2087.88,40,11
16353,6675.71,3,23
18118,5595.77,10,31
13831,2202.99,16,6
13506,452.82,312,3
17796,697.9,40,4
15716,1118.81,145,4
18156,734.94,12,2
15221,114.1,366,2
16983,1920.2,12,8
17059,3095.04,29,5
16327,3844.22,14,6
17211,2299.67,26,9
17026,154.82999999999998,185,2
15570,4109.97,7,13
15880,313.28000000000003,369,2
16718,623.75,369,1
15808,3724.77,306,5
17858,5155.66,5,12
16393,2941.05,2,20
14161,1110.52,215,3
17863,3160.0,59,6
16411,214.65,19,2
16402,299.6,264,2
15023,6763.16,3,12
17402,2633.85,4,13
15426,1429.9,19,7
12647,3669.92,22,13
15894,263.55,253,2
15867,3797.79,5,16
14506,2012.17,17,5
15555,4758.2,12,20
13034,642.77,54,2
15889,446.87,156,2
15953,1634.53,15,10
16143,2419.84,3,7
12720,5713.28,2,29
16422,33805.69,17,75
12747,4196.01,2,11
15502,5541.46,15,23
12763,494.08,138,2
14081,904.67,267,4
17965,2622.57,37,14
14404,1434.72,33,7
13579,467.04,14,2
13174,2817.03,16,3
15987,1451.28,12,7
17677,16219.22,1,43
13652,1095.08,45,3
12586,179.94000000000003,17,2
17428,17078.45,0,33
16161,5352.97,1,26
16858,345.89000000000004,366,2
18219,2019.77,2,11
14293,1046.56,3,4
14748,1311.79,29,6
16638,1676.47,22,11
17674,551.04,74,2
12808,483.65000000000003,36,3
13094,1708.8600000000001,21,16
15899,56.25,368,1
12708,2616.32,29,16
15898,1384.68,1,6
17691,290.40000000000003,358,2
17227,939.32,18,6
15039,19786.44,9,52
15919,639.89,19,2
13497,321.05,282,3
15860,977.21,40,8
14189,4604.31,2,24
15304,680.3,60,10
14867,701.33,185,4
14344,889.9300000000001,127,8
12474,7116.47,17,30
16719,1773.92,14,8
15048,380.57,65,5
15301,5028.12,50,14
14708,1096.67,2,4
16898,444.46,26,4
14825,2226.91,3,12
18113,76.32000000000001,368,1
17596,2827.93,23,7
15078,9623.35,7,38
14085,4435.79,2,19
17860,252.8,368,1
13155,971.76,33,4
15028,627.13,8,4
16919,2596.45,156,11
17259,603.37,148,2
17019,1272.61,11,4
14487,1183.58,26,7
16722,4711.21,17,16
15882,495.36,198,5
14667,9231.2,10,27
16710,2483.04,19,10
16550,2266.25,108,9
15984,2816.97,2,11
17682,2459.33,10,7
16658,123.24,368,1
17068,4531.34,12,22
15356,2766.5,31,10
17223,426.79,310,2
16817,1446.95,2,13
13030,799.48,11,2
17191,2095.13,28,7
15194,7521.17,3,22
14409,1908.25,71,7
16654,594.97,141,5
16861,151.65,59,3
16138,-7.95,368,1
13481,1776.81,45,8
13495,1990.1200000000001,7,6
17519,1839.07,17,7
17218,1960.72,4,10
17812,732.16,12,4
14215,1777.92,11,7
15602,1083.63,8,15
17320,1200.6200000000001,100,3
16782,2242.25,10,19
12913,2483.63,4,5
17869,428.18,107,5
13564,647.74,144,5
14850,278.15,311,2
15021,1872.28,8,13
13963,664.54,308,4
17450,187482.17,8,55
17091,3802.81,2,10
17470,1125.07,44,5
17616,571.1999999999999,173,3
15649,816.0,336,2
12681,13677.59,14,27
14907,3478.85,3,10
17735,13110.02,2,19
16059,1459.8600000000001,65,6
17720,1195.94,26,4
15018,456.26,38,4
14733,9451.54,9,15
13756,5145.12,2,15
14176,574.0,297,5
13319,10664.34,5,36
15353,777.02,254,2
18119,181.12,367,1
17491,3541.92,1,11
14282,3729.34,3,15
13569,373.75,17,2
15498,12396.46,0,35
14673,1736.4,3,5
13488,8910.61,17,17
16221,864.86,36,3
15002,1641.76,115,4
15965,845.64,17,4
15024,1661.33,9,10
17675,20098.1,1,41
13769,2771.87,2,16
16904,3754.27,4,16
16086,1119.31,59,6
13786,230.39999999999998,367,1
13880,3219.77,21,13
13173,353.65,4,2
15858,1438.85,15,5
15180,87.5,367,1
12347,4310.0,2,7
14739,3899.1,2,8
16293,2236.7400000000002,8,12
17419,4200.97,11,14
16775,1695.66,10,11
16306,602.27,213,9
16950,1178.56,56,3
17591,2215.02,73,8
12839,5583.62,2,16
13807,112.6,367,1
16125,289.35,367,1
15081,487.35,22,6
18102,256438.49,0,62
16365,1540.42,17,9
17870,1889.4,2,13
14821,48.800000000000004,366,1
16863,481.35,29,4
13078,12432.28,1,43
13267,4404.44,2,27
13050,5684.61,9,28
12709,9294.1,3,26
15628,2865.64,4,10
12386,401.9,337,2
14796,7839.51,1,27
16779,10454.05,2,28
13599,5030.6,1,33
13329,740.4,31,4
18077,2633.0099999999998,8,11
14744,1088.53,16,9
17406,1928.72,330,5
15750,2451.23,2,9
13983,2590.46,29,13
13842,3385.62,58,9
12441,173.55,366,1
13199,9803.96,3,39
14032,2929.84,2,18
17706,10097.37,4,22
16081,2806.9,56,5
16525,11895.57,2,29
14952,7912.79,46,15
17975,4393.61,15,14
16122,684.4200000000001,73,4
13126,2056.29,4,10
15973,99.77000000000002,235,3
16558,8257.04,0,24
16713,6840.2300000000005,18,21
16893,145.93,366,1
15529,3967.78,22,12
18043,559.51,24,3
16016,1483.31,3,10
17722,2380.64,96,6
17324,990.23,17,4
17341,781.36,156,3
14051,15477.34,0,26
15916,1491.24,16,10
16233,422.13,71,5
16385,555.89,60,3
15032,4464.1,256,5
17213,2741.08,40,11
18061,2119.41,21,10
13113,10510.0,0,40
16553,5664.57,163,14
13455,1007.35,24,4
14217,1925.3600000000001,1,24
17262,1253.3600000000001,52,5
14299,2855.35,8,18
18259,2338.6000000000004,24,3
17676,1383.27,4,7
16679,129.75,366,1
18269,138.9,358,2
12766,6989.63,3,7
15298,3774.1,2,14
18193,212.96,150,3
13523,3755.38,33,6
12870,-14.899999999999999,366,1
15005,6180.49,15,35
15581,3429.9700000000003,120,14
15680,1333.68,9,3
13649,346.6,256,2
17894,1119.81,71,8
13270,590.0,366,1
14618,538.59,9,4
14866,14197.45,10,13
13077,729.27,1,4
13115,2205.63,8,14
13531,483.8,205,2
13848,1255.0,92,3
13140,423.72,108,3
15713,346.75,143,3
17999,382.06,37,2
15347,201.60000000000002,366,1
17340,11891.18,9,16
13984,488.03,26,6
15996,1044.78,88,7
14030,2360.09,18,8
16252,-295.09,366,1
16596,250.15,15,2
16700,5040.0,8,17
16011,3362.71,8,16
17655,2571.7400000000002,10,8
16717,3278.36,9,9
14243,2535.88,8,14
12963,1841.03,8,9
15079,893.66,212,5
14437,-43.400000000000006,143,2
12942,683.9,131,3
15660,1552.01,25,12
18092,9065.76,2,12
15358,8234.8,4,29
12481,5590.86,22,11
12721,2628.98,31,7
12621,13612.07,1,23
18071,453.0,257,2
12683,8221.09,4,20
12755,2203.2,249,4
13854,8025.0199999999995,8,29
12797,194.18,360,3
13369,263.75,354,2
12494,1139.3500000000001,9,13
17857,26763.34,3,25
17411,748.94,12,4
14932,363.53,365,1
12429,3750.4,9,4
14987,326.4,15,2
14355,174.4,365,1
17526,706.7,1,8
14896,468.77000000000004,204,2
14440,2357.6800000000003,8,5
13240,663.65,96,4
14479,316.25,253,2
16065,372.09,365,1
17430,265.76,32,2
16520,1036.6200000000001,186,4
15945,181.0,365,1
15181,680.28,66,5
15856,16173.67,4,31
13102,6336.29,1,27
14205,218.78,10,4
17702,1719.72,30,6
15271,2485.82,7,16
13982,1861.11,39,5
15288,2306.52,43,5
17978,300.91999999999996,365,1
16795,414.88,365,1
16519,215.07999999999998,25,2
17816,36.56,36,4
13021,2584.4,4,12
16255,2609.3,16,10
17671,1284.08,15,6
17646,995.6600000000001,219,4
12649,603.71,107,4
16350,1100.47,21,5
12872,599.97,326,2
17339,243.36,94,2
18230,2716.6000000000004,9,10
16499,319.1,360,5
17097,937.92,2,9
15192,1044.32,119,3
14441,1545.14,0,10
15279,277.40999999999997,354,2
16579,-30.599999999999998,365,1
15380,1682.3600000000001,8,6
17442,2210.2599999999998,29,10
17950,472.12,72,4
12826,1468.1200000000001,2,8
17456,249.86,365,1
17307,-152.64000000000001,365,1
15811,2171.32,17,9
13327,3617.57,38,9
17700,2508.89,16,6
13136,2545.38,50,11
15535,459.9,173,7
12605,-7.5,365,1
15329,1005.5,35,5
15211,894.4100000000001,60,2
15596,1343.34,100,9
16163,441.59999999999997,225,3
16907,981.65,29,5
17576,3457.78,8,22
14713,2664.2599999999998,9,12
14702,3250.64,1,18
13230,2763.41,4,15
13969,8986.69,7,20
17530,2385.0,1,10
15805,5452.17,23,20
17696,2201.05,38,14
17076,841.0799999999999,36,3
17827,1995.46,5,5
16265,5423.15,9,11
17880,458.92,364,1
13000,534.85,106,3
17790,1965.55,26,14
12731,18793.41,23,14
14419,1058.06,10,6
14082,182.25,364,1
17912,295.61,310,6
15723,203.1,364,1
16656,8568.24,22,21
14037,147.20000000000002,176,2
14256,935.0600000000001,254,3
14543,2916.17,3,21
16062,1153.62,9,4
18116,1418.03,67,8
16019,3450.2400000000002,1,10
18178,1573.41,113,6
18065,2380.08,5,15
13148,3348.48,29,17
12989,6854.51,3,19
14107,2688.48,51,8
15881,438.24,312,8
12785,305.71,2,2
16727,272.82,364,1
15514,2963.19,12,13
13787,309.04,75,2
17865,10158.54,30,27
17220,3198.25,24,14
16565,173.7,364,1
16873,7066.31,4,10
14062,10464.85,9,12
15179,2186.2,18,7
18016,1483.56,32,5
14448,375.35,9,2
15503,147.09,362,1
17251,283.28000000000003,362,1
16923,6666.83,12,26
14159,4678.3,19,14
17126,991.85,152,7
15224,310.48,358,3
14577,859.71,12,4
12753,21024.01,3,11
17236,916.13,12,6
17372,1342.68,40,8
16367,804.49,37,2
12875,343.2300000000001,143,2
17917,341.28,45,3
16010,407.5,245,3
17085,1555.05,123,6
13668,6216.07,2,29
14684,1236.28,25,5
17188,2275.58,11,9
15547,4954.84,7,14
15998,3084.17,36,6
14413,122.7,362,1
18004,169.47,362,1
13959,598.2,79,3
16665,135.39999999999998,362,1
15454,179.1,362,1
15044,7629.38,19,22
17937,4301.22,8,7
14608,1785.15,4,4
17618,971.58,5,3
14505,5818.7,17,11
18037,70.02,154,6
13198,3384.09,10,8
12540,13309.039999999999,19,19
13225,6083.04,3,8
15361,418.92,361,1
15689,254.1,119,2
14290,2307.4500000000003,11,6
13209,5820.16,30,11
13999,3865.26,10,15
14498,1957.32,42,5
15854,2974.65,4,12
16701,5150.2699999999995,8,18
16927,543.05,115,3
17990,630.84,236,3
14544,2024.45,24,2
17338,6612.18,17,10
17231,3127.82,12,14
17799,3026.08,22,11
14565,3073.77,95,6
16726,1382.02,26,5
17303,250.04,361,1
14639,2952.34,52,8
17611,3947.87,3,19
17179,711.79,178,3
17524,145.0,361,1
12476,6546.58,1,20
17293,1875.1100000000001,8,9
17890,602.09,322,2
17375,372.5,190,4
17371,423.89,17,3
17969,228.2,166,2
15159,18573.68,1,34
13211,1197.42,10,3
15777,1021.61,241,5
14525,4221.37,8,13
13324,7072.8,32,12
13802,3906.27,138,6
13948,102.0,360,1
13008,178.46999999999997,323,2
14206,308.26,239,2
16202,365.27,360,1
16442,616.79,1,3
18075,2538.7200000000003,23,14
15468,438.46,35,5
16570,3622.95,8,15
14524,1867.68,31,9
18141,-35.400000000000006,360,1
12434,765.19,84,4
16810,275.64,192,2
14961,7006.58,10,12
17041,1065.77,26,4
16458,3482.7400000000002,2,18
16083,1317.62,100,2
16262,-31.65,360,1
17194,262.62,273,2
14057,6147.4,23,18
14871,522.38,3,4
13178,5725.47,26,11
18044,2085.65,4,11
16812,479.35,360,1
16191,4913.32,2,25
12370,3545.69,51,4
14298,50862.44,3,45
17158,1266.97,32,3
14415,5811.56,1,18
16899,1281.56,7,6
16531,1244.59,22,7
17404,30300.82,4,18
16556,3313.79,66,7
16805,460.59,173,2
16503,1421.43,106,5
17739,2786.05,11,8
13238,680.83,11,5
12829,253.05,322,3
13097,5893.32,32,14
12867,3986.22,26,10
15392,1515.73,4,5
13846,847.61,24,4
14401,4039.98,4,14
16145,3741.98,8,18
17629,1784.12,5,9
14150,658.64,35,2
13496,617.93,10,3
13611,1158.2,89,4
16954,2085.08,0,9
17454,517.53,192,4
17449,2504.86,2,8
17230,3466.67,264,11
12865,1548.07,26,3
15950,1705.26,1,5
15512,121.0,155,2
17525,422.70000000000005,359,1
13458,9537.92,7,22
14426,3918.9,18,16
16003,2735.37,29,5
13092,459.83,70,6
13426,3550.7000000000003,0,12
15101,310.03,8,3
17033,1030.14,86,3
13221,847.41,240,2
14201,688.04,60,9
17692,733.4399999999999,127,5
15822,885.47,3,2
16134,603.69,21,3
17551,306.84,359,1
18050,74.4,359,1
14913,1227.43,35,4
12666,-227.44,359,1
15641,1887.2,105,4
13124,3866.33,89,3
17214,984.12,60,7
15456,447.22,283,3
15062,987.86,71,4
12928,2062.7000000000003,35,5
15727,5178.96,16,7
17980,811.45,165,3
15290,7803.7699999999995,4,21
17752,80.64,359,1
15615,10360.04,10,27
12577,595.4,35,4
17044,897.4300000000001,8,3
13829,-102.0,359,1
17633,1242.34,31,6
13266,3717.67,11,19
17820,-24.05,191,2
15664,358.63,50,2
17189,384.40000000000003,106,2
17496,271.05,358,1
16607,3038.67,17,16
13317,2140.07,64,9
13890,1860.8600000000001,1,14
17001,3989.57,0,11
15246,514.15,238,2
16996,1427.46,30,9
15482,6568.72,15,16
16037,855.02,269,3
14841,3295.76,53,6
16670,4022.46,16,17
16985,5461.62,17,11
16705,13946.130000000001,0,29
16470,757.44,51,5
14414,1485.1299999999999,91,8
15563,1319.69,8,7
12980,7092.06,155,12
16746,6694.31,4,19
14878,1485.54,12,9
16743,2191.84,29,8
17146,749.78,105,3
12877,1535.77,3,12
15394,2183.54,9,4
14621,1765.76,1,6
15379,3631.8900000000003,169,8
14309,2319.68,8,10
17288,1419.73,9,7
14709,4911.14,15,14
15157,1869.5,3,5
17744,2291.08,3,7
16316,2755.56,64,12
15620,1524.4,50,6
15789,351.3,358,1
16560,816.51,21,3
13534,5613.08,2,43
17580,215.72,252,3
14777,-17.45,4,2
15759,253.04,218,3
14373,76.55,358,1
18176,448.65,353,2
15366,602.51,75,2
14735,5807.6900000000005,3,34
16271,1423.29,2,6
18223,6315.2300000000005,1,27
15532,1517.08,25,6
16816,417.06,103,4
16684,65892.08,4,31
14334,2539.46,16,9
16945,4345.5,21,19
14643,668.61,170,3
15197,656.44,8,5
14220,632.4,247,2
13874,540.45,358,1
18260,2595.0,172,8
17848,901.1999999999999,81,9
17392,457.91,306,2
12348,1797.24,75,4
14985,296.75,198,2
13004,5613.43,11,22
14560,2174.18,7,24
12931,33462.81,21,20
13627,1624.02,59,7
12551,168.0,357,1
12782,2273.32,4,6
14769,10641.6,2,10
15780,475.28000000000003,183,3
12417,3578.8,3,12
17315,6204.46,0,43
16711,1651.03,3,5
12726,2609.1,28,7
15204,316.58,357,1
17888,525.78,18,10
17007,877.4300000000001,50,7
15160,158.16,357,1
14016,4328.46,154,5
13033,190.55,357,1
12691,1035.8,28,6
13869,3104.95,123,4
14146,2949.57,8,6
12705,6814.24,15,14
16885,471.51,15,3
17913,411.6,58,2
12668,3743.18,7,6
14472,1936.84,103,8
17358,365.85,303,2
16686,3043.48,47,9
18245,2507.56,7,8
17343,193.64,355,1
18256,-50.1,354,1
16153,1824.23,49,5
12377,1628.12,315,2
14646,279489.02,1,77
12944,604.51,35,2
15312,921.1,75,5
14099,3092.9700000000003,16,12
14113,1377.92,3,8
13104,1098.48,3,6
17204,1352.91,169,9
13027,6912.0,113,6
17621,1336.1,21,4
17090,2041.8500000000001,4,8
14119,-19.9,354,1
15527,2348.82,18,10
18097,2692.85,7,7
15460,216.76,354,1
15034,4277.66,15,11
12423,1849.11,0,9
12678,17588.26,42,13
15208,867.62,1,6
17306,8600.73,10,21
14737,1164.55,3,3
13029,1247.5,30,3
16270,1141.24,353,1
13487,575.4,57,3
12515,383.7,353,1
17400,2129.96,126,5
17593,3911.56,3,6
13953,3515.68,7,7
14533,1812.6200000000001,24,9
12734,110.39999999999999,352,1
14944,5842.95,29,14
17239,379.95,312,2
14532,932.85,236,4
12383,1839.31,184,6
15562,134.55,351,1
15587,913.6800000000001,50,4
13922,172.25,351,1
13817,382.98,29,2
12585,1982.81,234,4
13165,1021.48,46,2
13304,300.42,351,1
13313,1555.32,22,5
16875,2023.47,64,9
16282,168.3,339,1
12957,3979.04,4,12
14462,1965.9,63,15
13397,1539.18,72,6
13680,2202.31,1,5
12483,2327.13,17,13
15164,843.05,68,3
17457,1737.7,126,5
14732,2686.34,8,10
14221,3427.85,42,10
14553,859.27,19,5
13253,1030.4,156,2
17389,31300.079999999998,0,43
12578,2753.36,21,4
15841,1209.1,64,6
16112,195.73999999999998,143,4
13629,7792.36,23,11
16600,813.52,4,6
15661,309.8,317,2
16532,6748.8,17,3
15266,119.3,338,1
14653,1947.55,1,7
16771,2246.81,33,5
17585,1133.07,109,4
15046,5064.01,9,16
13082,3595.48,126,10
15464,1048.85,338,1
18226,5192.1,38,14
18062,720.52,173,3
12415,123725.45,24,26
12503,-1126.0,337,1
17368,1349.52,23,9
14258,12650.08,9,10
15719,5043.96,32,14
13368,623.4,256,2
17634,2361.9700000000003,36,9
16676,1558.72,33,5
16424,82.56,191,2
18283,2094.88,3,16
12735,779.5699999999999,315,2
13764,1521.76,70,3
13656,379.65,164,2
12413,694.15,66,5
14312,1611.59,46,6
13280,814.86,122,3
15845,3650.87,17,10
16094,1041.83,11,6
13187,236.02,337,1
16567,865.6,194,2
14828,2139.76,196,3
12530,1623.63,59,5
16551,922.12,95,3
16889,1578.67,194,3
16473,314.86,164,4
13750,1647.26,53,5
12501,2089.68,315,2
15607,104.76,336,1
15139,178.96,239,2
12489,334.93,336,1
17707,152.4,185,2
18198,5083.06,4,21
12484,4495.27,32,8
18179,1793.17,9,6
17284,1641.68,60,7
13233,605.12,74,2
14889,135.9,336,1
12480,3281.63,28,4
14672,765.55,234,2
13593,1990.28,108,6
13162,1644.99,122,5
13183,3957.78,7,9
17095,1088.2,22,6
12939,11581.8,64,8
15611,1568.39,9,15
17114,747.22,5,10
15059,1325.82,40,11
16326,3085.96,5,15
17128,157.09,334,1
14761,255.9,58,2
17555,483.26,19,2
12651,114.0,334,1
16735,2269.21,78,7
16833,1106.53,1,4
17800,1199.01,37,9
16748,1515.9,17,5
14755,4965.38,9,12
16549,4154.64,10,10
13565,240.22,19,2
15799,884.14,75,3
18032,73.5,334,1
13451,2916.45,26,6
14794,1272.11,2,9
12539,3852.5,22,5
12500,4206.27,23,13
18171,1208.51,58,7
16279,1496.68,21,4
12524,4485.72,9,8
17811,7677.71,4,51
16850,332.41,333,1
14321,1530.75,10,5
15326,311.71,333,1
17849,605.8000000000001,218,4
13672,-71.46,301,6
14229,1450.6,51,5
13107,1524.07,44,5
16497,2965.69,49,6
16303,5305.83,25,4
15281,2239.9500000000003,58,12
12736,234.0,332,1
13473,417.54,60,3
14320,343.11,206,3
12393,1582.6000000000001,72,4
17742,355.11,113,2
16351,153.9,332,1
12601,569.5600000000001,189,6
13144,110.95,332,1
15346,252.42000000000002,332,1
15370,2360.55,40,8
12643,3344.64,128,6
14295,154.70000000000002,40,2
16034,437.7,196,3
17365,4801.56,12,8
15189,15802.14,1,53
14669,1269.99,241,3
18095,580.0500000000001,312,2
15518,1911.89,64,13
15749,21535.9,235,4
14209,2067.13,10,7
15569,1375.71,103,5
12728,836.33,71,4
17569,344.14,332,1
13784,2462.79,9,11
12724,1031.41,5,4
13862,2187.31,18,10
16791,1706.28,29,8
16235,858.41,40,6
14270,492.65000000000003,331,1
12665,61.75,324,2
12523,1745.57,1,13
16655,3794.52,17,6
16359,1460.3700000000001,7,12
16554,641.55,3,7
12359,6245.53,7,6
15939,6102.26,89,16
14587,1598.24,18,10
14715,867.38,24,4
14185,197.65,331,1
12437,4896.66,1,19
14040,3542.19,40,15
12652,914.53,322,2
14514,1055.35,61,3
15171,1034.5,324,2
14167,574.84,39,4
17048,864.32,115,6
17364,4455.73,0,12
13284,196.15,322,2
16500,400.86,4,6
12951,1042.07,8,8
15835,954.09,44,4
18190,274.51,192,3
13993,3409.66,32,12
14114,386.53,273,2
15447,155.17,330,1
16315,226.37,330,1
14978,1931.42,72,5
16395,1486.9,60,5
15510,250.0,330,1
13614,1610.46,24,4
13246,1922.1,18,7
15687,2981.5,8,11
16493,1329.66,72,6
12490,5417.93,5,10
12672,225.89999999999998,329,1
13385,534.57,329,1
15626,675.8,74,2
12553,3652.25,8,14
15213,325.05,318,3
14175,3108.06,51,7
18106,430.7,329,1
15033,2571.02,4,11
14329,4928.74,8,14
16401,4061.24,1,20
16206,537.0600000000001,54,4
13782,912.0,12,6
12924,929.95,88,5
16593,330.03,50,3
13700,2265.12,26,10
13064,1119.49,12,4
13048,1805.91,14,5
18069,2021.82,26,7
13634,1575.16,33,5
16843,10183.82,42,17
17064,859.35,58,3
17609,1103.92,40,6
15673,2881.02,88,4
12626,6388.35,23,13
14976,765.86,57,8
12388,2780.66,15,6
13527,2263.76,33,8
15696,2644.46,33,12
15316,165.0,326,1
12673,610.52,5,2
15296,3610.31,44,10
17988,191.17000000000002,11,8
12820,942.34,3,4
13001,9797.92,4,15
14101,5976.79,73,6
14238,146.85,326,1
17730,5288.83,3,15
13929,802.85,169,3
14657,838.27,17,5
13859,201.16,326,1
18212,248.42,326,1
14292,4819.33,7,14
13883,2538.75,1,9
18233,440.0,325,1
17018,920.1,40,2
14242,280.55,234,2
12356,2811.43,22,3
12346,0.0,325,2
13898,155.93,325,1
16948,435.02,138,3
16997,702.0,288,3
12527,348.71000000000004,81,3
15395,107.45,325,1
12510,982.5699999999999,142,2
13693,-32.0,325,2
13263,7454.07,1,35
14428,1230.14,7,7
12451,8933.52,10,6
12422,803.5600000000001,95,3
17708,267.08,187,2
14090,76.32000000000001,324,1
15606,2422.64,57,11
15831,747.76,58,4
13310,1083.63,8,6
14916,1264.84,70,5
17602,5050.77,2,8
14572,2803.69,3,10
13502,292.0,16,3
14784,289.99,26,2
15938,404.58,112,5
12637,5953.25,67,10
17418,463.46000000000004,42,2
14779,386.15,280,3
16321,230.70000000000002,72,7
15262,178.95000000000002,323,1
17862,330.9,323,1
16892,496.84000000000003,1,7
12402,225.6,323,1
17771,245.81,56,2
15422,97.7,323,2
14770,876.42,232,2
16912,2528.67,23,14
15174,135.75,322,1
14895,11020.26,7,24
12594,3320.2200000000003,37,11
17504,2745.2799999999997,206,10
16387,94.36,322,1
12664,4863.88,8,10
16618,2630.64,31,6
17277,1065.3500000000001,227,2
14088,50415.49,10,14
17094,270.20000000000005,318,2
14692,582.05,137,5
12970,452.24,7,4
17889,203.87,212,2
17644,2768.98,1,17
17714,153.0,320,1
12916,2982.35,138,5
17769,3960.63,12,12
14450,483.25,180,3
16085,981.51,23,5
13659,1550.85,197,3
15167,163.0,320,1
15443,3212.16,1,8
14224,1050.12,110,4
13742,3102.42,16,14
17673,1622.22,1,7
12727,3947.7,10,9
14068,265.85,320,1
13068,344.0,10,2
14368,155.0,319,1
15497,1259.7,17,3
12559,536.21,310,3
13819,1140.35,301,3
14501,190.31,64,3
14782,200.10000000000002,319,1
17861,2059.2,3,9
14439,2661.24,319,1
18161,1612.79,10,6
15820,206.98,319,1
18136,761.83,63,4
16660,810.4499999999999,16,5
12693,830.96,120,6
12625,2614.32,211,3
13396,1325.29,21,4
12935,2156.45,2,8
16730,702.79,52,4
14541,1461.65,58,8
13551,91.80000000000001,319,1
12421,806.27,15,5
15797,2207.4,113,4
15052,215.78,319,1
14130,483.86,319,1
15222,585.0,318,1
13615,399.99,312,2
13901,2867.2,72,5
13158,1201.06,94,4
14257,3087.27,51,6
15218,5756.89,10,11
15110,970.25,23,7
14534,4075.35,2,25
15967,418.83,23,2
16757,106.83000000000001,318,1
12854,1289.15,78,5
13815,4014.91,22,5
18008,2116.19,70,9
18277,97.63,58,2
14389,999.72,8,5
13703,99.5,318,1
15339,557.57,66,3
12744,9120.39,51,10
16222,846.72,318,1
14341,2166.38,45,9
13168,1310.14,36,5
16943,816.73,211,3
17515,639.02,31,4
17082,2003.85,33,2
14248,302.58,318,1
12609,1126.85,78,3
13002,120.94999999999999,318,1
16133,14305.66,3,46
13049,656.6800000000001,64,2
14548,652.8,150,2
13405,572.451,74,3
14049,5639.15,16,6
16043,773.99,37,4
15812,1801.14,107,5
13837,271.24,211,2
17118,157.02,317,1
14616,406.08000000000004,242,3
14233,1447.51,43,5
17075,813.77,17,5
16714,911.53,218,4
13098,28658.88,1,41
17027,848.59,78,7
12591,452.84999999999997,317,1
17786,278.74,85,2
16124,187.15,316,2
16409,2028.88,36,5
13754,282.59999999999997,151,2
15227,1219.4,36,5
12997,1197.94,22,7
15215,615.99,44,6
16918,1043.34,49,7
16882,705.12,66,3
14442,1544.62,1,5
16496,1562.22,8,4
12764,1693.88,316,1
17311,1384.85,78,2
15910,1232.18,0,8
16949,1161.27,3,7
14970,1592.06,68,4
14701,2486.2200000000003,10,12
12645,1755.38,33,5
12468,724.0400000000001,143,3
16767,5580.6,30,11
14738,1289.94,39,9
17540,570.4,8,3
14239,2323.5,43,13
18125,1141.34,29,5
13328,1308.48,316,1
15549,1655.76,77,4
15864,1769.7800000000002,22,8
14662,771.17,28,4
17180,780.38,56,6
15057,1489.5,275,2
12574,218.45,315,1
13330,1140.93,92,3
13552,3539.53,66,16
12853,1881.7,107,9
13538,1280.85,43,7
16755,1484.63,114,5
14133,590.3399999999999,129,5
16523,9295.67,1,28
14659,2456.53,8,12
13141,2385.8,84,6
15365,1330.45,25,9
13707,806.41,267,2
13709,6249.110000000001,3,17
17329,523.11,14,2
14805,554.65,15,4
16897,213.03,299,3
15579,348.6,68,2
14595,1740.6,19,6
13161,112.75,313,1
15415,572.8100000000001,313,1
17431,403.3,313,1
17463,1881.36,16,6
14502,2351.02,19,14
12528,1922.28,9,8
15448,494.64,312,1
17314,2514.76,24,11
17373,646.92,40,4
18145,2861.55,12,4
14467,598.76,17,4
12908,246.0,58,4
15144,6530.04,8,18
14776,2195.58,51,13
16403,161.04999999999998,302,2
16407,2126.93,12,10
17619,218.52,312,1
12778,804.23,19,7
17256,240.0,107,2
17604,309.36,217,2
14006,962.19,115,3
13600,219.52,312,1
15058,2124.9900000000002,25,11
17147,1679.64,22,6
13881,16989.52,3,22
16612,1187.66,32,4
14627,-21.85,311,1
17356,178.22,311,1
12477,13117.01,22,9
12836,2612.86,59,4
13939,556.75,23,4
16745,7170.7,86,18
13606,280.53999999999996,29,3
13494,316.26000000000005,311,1
12929,105.1,122,2
16419,959.48,112,7
17035,388.33,245,3
15203,1827.8,25,6
16515,1627.13,52,5
12373,364.6,311,1
18202,1396.99,199,3
12775,1351.24,17,6
14549,289.24,311,1
15981,3408.48,24,8
16110,1337.48,45,3
17376,203.2,70,2
13110,1452.8700000000001,31,8
16716,319.8000000000001,266,3
12676,1331.39,24,6
15940,31.799999999999997,311,2
15971,4199.85,17,12
14665,1258.38,60,7
14457,113.64,310,1
15589,456.58,252,4
14411,1063.0,310,1
17560,854.95,94,5
15226,154.41,310,1
14460,383.34,110,4
16156,3024.62,8,13
13728,1016.14,36,6
14127,709.71,122,3
16378,362.95,247,3
13894,535.97,22,5
13824,1698.94,32,5
18250,342.92,301,2
15270,2298.2,15,9
14188,2018.91,8,10
18017,523.0,81,3
15421,950.36,58,4
17446,120.9,176,2
12414,562.41,217,3
14798,173.74,52,3
12990,409.5,31,3
12350,334.4,310,1
16992,1601.8600000000001,10,6
17337,1944.32,151,7
16405,167.25,302,2
17071,2385.48,8,14
13873,381.7,119,4
17362,312.23,239,2
13394,2312.8,1,10
12502,3723.87,95,5
16333,26626.8,7,22
16030,331.24,309,1
14044,652.82,26,4
13800,558.32,309,1
17672,3106.62,43,4
12464,1212.05,10,8
13581,118.0,309,1
14540,996.26,9,3
13539,605.84,85,4
15885,379.35,92,3
14497,457.47,301,2
17507,605.58,261,2
13208,1205.9,58,7
17334,306.6,301,3
13871,6389.8,22,14
16938,1903.13,8,5
12754,2949.12,235,5
12410,681.0799999999999,301,3
17929,834.5,11,5
14778,730.86,127,2
17517,153.94,308,1
17226,393.49,308,1
13137,3605.08,10,9
13725,1809.81,49,11
13309,1456.79,7,5
12842,1118.99,70,2
16109,611.88,218,2
17291,550.8000000000001,308,1
15090,381.32,308,1
15199,1268.7,59,4
13911,2580.91,57,9
14194,11216.75,4,32
14842,2456.8,35,8
13584,142.4,306,1
17105,665.78,159,2
14438,131.9,306,1
12956,108.07,306,1
15781,333.56,25,4
14410,576.3,15,15
14600,393.33000000000004,305,1
17302,1119.93,14,6
17613,4509.37,22,17
13334,3536.82,82,3
13955,322.96,154,2
17162,1707.21,28,11
17774,1215.46,96,5
13809,155.05,305,1
15407,1056.44,33,4
15577,258.88,151,3
16332,1583.2,28,8
14048,375.13,277,2
14475,799.82,71,6
17859,148.21,304,1
12576,1306.98,35,6
15753,79.2,304,1
12599,1032.58,29,7
14562,4709.22,3,22
16951,1262.75,123,4
16998,287.02000000000004,149,6
13133,109.8,273,2
17881,133.35000000000002,304,1
15843,118.95000000000002,303,1
17083,1405.78,109,3
15970,314.1,303,1
13590,1976.12,11,7
17537,897.62,29,2
12401,84.3,303,1
12462,1124.01,2,4
17843,205.48,303,1
13706,330.79,302,1
17940,1983.5800000000002,49,14
17686,5739.46,7,7
14431,397.76,298,2
15809,399.21,35,6
12561,238.85,302,1
14465,1058.6200000000001,246,3
18093,2083.42,93,5
16027,852.12,91,7
12857,1106.4,210,2
16425,302.7,302,1
16842,1260.44,64,4
15796,2666.61,1,10
14555,324.14,57,2
15114,2760.56,30,10
15133,982.42,127,3
17705,1781.12,3,10
18087,3770.1199999999994,98,4
12897,216.5,204,2
17512,2920.04,28,11
15550,575.63,4,4
14676,2543.2400000000002,31,8
12505,-4.5,301,1
18159,530.15,301,1
14304,197.1,222,2
15638,-94.0,301,1
12943,-3.75,301,1
13875,1786.79,53,5
15406,426.61,18,4
18084,87.52999999999999,16,2
17282,1703.41,130,3
16434,1522.25,29,7
17050,3228.84,96,6
13171,426.81,8,5
17472,710.29,191,3
17255,298.41,40,2
16084,436.18,299,1
17667,2055.51,66,5
12507,1258.06,134,4
14631,1006.98,50,3
13381,3626.81,21,7
15236,321.05,298,1
13475,1431.78,191,4
17829,889.24,298,1
13717,1432.26,32,7
13157,1721.57,49,5
14644,780.46,9,4
12993,414.76,23,4
17571,1498.51,50,4
16979,1809.05,3,8
16738,3.75,297,1
15122,1612.13,85,6
17612,1992.76,53,10
17348,1159.52,14,5
13893,821.1,297,1
14035,1428.02,28,5
13623,672.44,30,7
14346,1021.58,120,2
16431,642.81,213,3
12616,657.25,85,5
16317,1341.65,119,3
14935,1784.71,297,1
16073,94.35,291,2
14477,1307.81,19,5
14760,53.8,294,2
14897,1366.38,7,4
15810,1145.43,78,7
16509,363.7,296,1
14386,142.4,296,1
12455,2466.86,73,6
14530,2925.91,25,6
15670,173.05,296,1
12653,2209.85,148,2
16126,6287.77,29,4
14609,601.56,72,4
13414,1390.5,133,3
12823,1759.5,74,5
12352,1545.41,36,11
12372,1298.04,71,3
16494,826.53,296,1
14959,684.97,59,5
16148,76.32000000000001,296,1
17422,1853.1299999999999,16,10
17175,1430.94,44,5
18257,2265.38,39,12
12362,5154.58,3,13
13018,7272.75,16,29
13718,306.55,246,2
15382,5927.86,14,8
14754,638.05,44,2
13151,1250.3700000000001,203,2
12654,601.98,10,5
13085,272.38,157,3
15903,5126.34,9,8
15785,2303.75,29,8
18138,152.65,295,1
14379,348.1,44,2
14211,2208.3,53,13
14371,100.5,295,1
13425,1624.21,108,3
12852,299.75,290,2
15228,3376.96,66,5
13012,1311.6200000000001,9,11
16182,6617.65,72,4
13489,449.52,105,4
12714,4708.86,9,5
13904,332.64,37,2
15755,2318.88,1,8
13932,307.4,294,1
13799,688.86,116,2
13951,674.45,176,3
16765,34.0,294,1
18172,7490.17,14,25
16566,614.01,15,6
12891,331.0,185,3
16466,1603.46,33,7
16115,1667.97,9,8
14162,289.36,173,2
13301,618.09,103,4
14803,845.55,162,3
13744,1156.36,95,2
12988,535.32,292,1
17323,908.99,15,9
12707,603.42,291,1
18094,3017.3,81,7
15129,3447.4,50,11
17361,488.2,49,3
18155,347.82,75,4
15321,2650.73,49,4
13477,1441.53,37,8
15065,3135.98,37,6
16980,1078.96,255,2
15146,1313.66,164,3
12365,320.69,291,3
13410,988.91,8,7
13044,560.47,291,1
16441,381.2,67,2
16014,653.13,35,4
14520,270.6,1,2
17994,629.6899999999999,121,6
13038,908.46,80,3
17002,1487.78,73,4
15722,2181.21,35,6
16349,53.5,290,1
16913,113.44,290,1
18114,220.1,290,1
15303,574.02,290,1
12845,354.09,267,4
18188,1998.49,15,4
16045,1340.7,119,4
16573,648.41,73,4
13421,1848.98,40,3
18196,689.13,95,2
13285,2709.12,23,4
13184,1648.79,14,12
18151,653.35,134,2
13804,2635.79,30,7
17499,622.88,289,1
15397,94.0,289,1
14276,1019.39,88,5
13453,356.97999999999996,165,2
16394,1412.06,50,9
17711,385.1,10,2
13865,501.56,58,4
16940,3049.88,52,3
14289,911.26,8,6
16208,664.26,44,2
17063,1421.59,8,11
13149,1676.06,14,4
18068,101.69999999999999,289,1
15932,2461.85,4,11
16692,1276.0,256,2
15590,-30.19,289,1
17171,224.91,289,1
18231,2066.17,192,6
14004,4582.64,43,7
17139,10585.57,15,15
14513,438.49,100,4
13118,1125.0,19,7
15974,3429.55,39,8
17830,398.7,1,3
12565,131.17,281,2
12582,511.36,238,2
14231,822.0600000000001,179,5
17867,622.75,30,8
14880,706.19,77,3
15121,457.72,50,2
17117,116.19999999999999,288,1
12945,462.95,288,1
18056,363.65,288,1
16072,584.3199999999999,288,1
16838,582.9,197,3
15543,127.86,288,1
13751,296.25,288,1
15847,389.27,38,2
13851,2651.46,95,3
13501,1310.47,242,2
12633,2140.63,58,5
13345,377.6,276,2
13870,2751.25,2,10
17034,734.5699999999999,16,4
16592,4073.28,4,19
15712,1072.3600000000001,9,5
13362,3085.4900000000002,3,5
14470,461.19,11,2
17388,1259.56,77,4
16841,1774.62,36,7
13753,741.26,287,1
13666,84.65,60,3
12361,189.9,287,1
14481,636.51,164,2
13792,195.55,66,2
17663,1788.27,25,9
13973,264.7,287,1
15990,792.11,44,2
13493,618.63,275,2
13684,64.23,285,2
13261,944.1,268,2
16598,140.7,277,2
14147,468.4,49,3
15951,669.57,1,3
13971,2702.2200000000003,8,11
17516,768.08,15,5
13630,1995.68,5,11
14157,400.43,19,3
13636,941.62,36,6
13610,1115.43,12,9
14745,1167.16,112,6
12781,707.72,21,5
14036,626.65,284,1
16057,2140.2200000000003,4,10
15724,212.3,201,3
12458,947.4,71,2
12598,3002.68,9,9
13675,486.82000000000005,151,2
14227,3315.71,26,15
16668,306.71999999999997,15,6
16667,570.13,68,2
13509,979.72,8,7
15874,4330.67,63,9
16187,6841.24,31,17
16339,109.95,284,1
12509,176.5,284,1
14046,154.99,284,1
13292,578.9399999999999,38,2
16427,241.06,263,2
14056,8124.4,1,29
15656,748.5,45,4
12811,514.85,260,3
16518,480.92,61,3
17165,158.68,284,1
17462,662.94,51,3
14620,393.28000000000003,204,3
14740,1423.21,191,4
16462,102.0,64,4
12428,7877.2,25,12
16078,79.2,283,1
16915,621.6800000000001,9,6
15676,3324.09,9,5
15709,133.25,283,1
15241,1738.59,66,9
12933,606.28,24,4
15092,457.81,215,2
12679,1058.67,52,9
15319,204.5,283,1
16212,681.19,19,3
15257,232.14999999999998,281,2
14656,291.05,169,2
13884,781.3000000000001,7,6
12866,559.12,283,1
13166,414.7,282,2
16389,1362.27,53,5
15416,3974.37,64,5
15733,162.3,282,1
16678,3013.83,2,17
12834,312.38,282,1
13722,2369.16,120,4
14934,1888.84,72,3
15067,1744.76,78,3
16128,1880.22,17,5
17770,1143.27,198,5
15622,3224.53,3,16
14473,234.34000000000003,74,2
15104,1002.54,166,3
15643,647.4,179,6
16792,110.38000000000001,282,2
15031,668.14,4,4
15636,724.76,89,2
12873,374.0,282,1
17923,207.50000000000003,282,1
16217,259.39000000000004,235,4
17738,1863.35,19,5
17426,5022.26,4,7
16957,416.64,239,2
16571,1285.22,3,5
14483,129.2,149,2
15087,306.94,281,1
16709,3029.87,84,5
17856,1393.79,1,6
15053,697.79,4,3
18218,626.38,206,4
16159,348.2,281,1
17995,76.1,281,1
17374,495.77,218,2
17789,225.9,281,1
17416,6838.34,29,9
17652,4737.13,25,18
13476,1092.77,178,4
12817,166.04,281,1
15393,231.86,16,2
13014,3365.43,2,16
17508,387.31,280,1
13931,1230.93,85,3
12541,981.18,29,3
13382,222.99,280,1
15220,1758.92,51,7
14570,218.06,280,2
14447,1163.23,18,5
13557,584.06,28,2
16449,674.69,190,3
12547,207.79999999999998,197,2
17325,96.8,280,1
14995,233.23000000000002,38,2
16414,126.25,21,2
15681,946.36,18,6
14670,411.53,280,2
15675,323.69,81,3
12584,1893.95,3,18
17535,164.4,280,1
15400,666.7,92,6
14903,2744.48,21,10
14499,815.32,26,3
18211,600.07,25,5
14504,673.26,47,4
15572,2552.86,4,7
17107,10380.43,32,7
14247,136.76999999999998,278,1
15554,217.2,277,1
14915,258.83,85,3
16136,709.38,59,3
18280,180.60000000000002,277,1
12614,315.6,277,1
13344,2543.72,67,3
16621,813.48,51,4
16225,1096.32,44,5
14214,1000.23,30,7
14012,328.8,277,1
16356,210.32000000000002,197,4
17654,117.55,277,1
15026,469.0,80,3
16517,162.7,277,1
14817,1110.34,200,2
17092,1777.78,50,4
16242,3598.26,8,8
15869,149.64,277,2
17817,387.68,4,3
15234,197.0,276,1
15764,3245.47,81,10
15806,784.58,46,3
15819,1905.45,49,4
14586,134.16,227,3
15944,325.1,276,1
13340,10736.48,45,7
16917,391.52,276,1
14407,2111.08,107,9
13908,2347.05,79,5
12758,2791.59,116,2
13975,2503.23,31,7
14730,2005.06,1,8
12623,305.1,276,1
14367,9167.82,8,19
13373,3312.25,60,3
16712,3645.43,9,11
17639,108.5,276,1
16426,1908.25,2,10
16495,684.41,3,3
14336,1614.91,16,4
14507,1368.18,23,7
12759,1531.44,52,3
17049,5594.78,2,11
15206,420.29999999999995,10,4
14013,473.02,110,3
14645,597.09,156,2
15071,982.07,93,2
14112,2774.17,22,12
13026,936.15,1,8
12881,298.0,275,1
17864,597.5,12,3
14936,8117.42,9,9
17138,380.5,275,1
16572,999.7,127,4
14165,122.53999999999999,275,1
15367,1867.69,57,5
14291,3873.3,1,12
15632,3147.31,15,10
14297,1284.06,17,6
13899,388.52,16,2
16471,223.95000000000002,274,1
18183,600.52,218,6
14603,660.0,274,1
18173,2106.84,86,4
14854,2749.89,78,8
16625,333.08,274,1
14064,1188.32,29,7
15308,302.27,270,2
18086,101.34,274,1
14350,258.7,270,2
14930,2372.86,108,3
16080,176.6,81,3
14727,268.58,274,1
16778,245.94,74,2
14077,499.41999999999996,40,5
16808,288.42,99,2
16475,544.3,88,4
13265,2107.66,53,5
12520,2582.51,79,6
15049,121.17000000000002,273,1
18149,612.0799999999999,50,3
13654,2707.33,43,6
16652,6654.26,53,11
16766,1145.6,273,2
16801,867.83,163,5
17164,2466.4,32,8
13226,108.21000000000001,273,1
13043,471.57,253,2
14352,1078.96,157,4
17351,587.15,36,3
16768,458.04,47,5
16693,482.01,68,2
13956,1026.42,5,5
13708,296.88,271,1
15918,334.23,190,2
15671,2635.4900000000002,18,10
14962,126.7,270,1
16807,1121.59,142,3
15125,11117.05,25,23
16871,2761.4900000000002,22,7
12901,16293.1,8,36
13452,590.0,259,2
15493,1967.25,32,7
16005,615.39,12,4
15388,140.54,270,1
16804,536.99,23,3
13499,1146.96,17,7
15047,343.62,269,1
14193,853.39,67,2
17542,170.75,269,1
17080,285.5,22,3
16392,221.19,269,1
15106,1407.73,17,7
16214,1062.75,170,3
13716,138.28,269,1
15150,5303.97,17,11
16061,-29.95,269,1
14226,2201.64,28,7
13121,254.73,269,2
16297,275.4,212,4
12994,902.22,4,5
16152,1829.04,268,1
14636,609.85,36,2
16040,1313.55,65,3
15793,948.96,9,4
13358,439.03,268,1
12849,1050.8899999999999,31,2
15182,622.85,154,2
13299,142.5,268,1
16383,668.36,74,2
15381,596.85,213,2
12597,3683.13,19,5
15030,518.28,71,2
12435,7829.89,79,2
12955,4734.26,1,14
18189,1084.34,77,3
13946,561.5699999999999,79,3
17716,5505.79,22,12
13185,71.4,267,1
14840,62.85,267,1
13216,333.74,267,1
13650,1809.34,16,7
13533,270.79,182,3
13268,3167.64,17,15
15433,417.87,79,3
12937,1504.27,15,4
17603,-1165.3,50,5
16216,914.9300000000001,267,1
16377,676.2,267,1
16976,251.51999999999998,267,1
12514,1017.68,267,1
18210,2621.38,1,6
13631,3021.77,99,12
14422,4263.64,0,6
15648,599.9,204,4
17725,3371.13,16,14
15861,3000.36,12,9
13072,177.15,266,1
15695,409.98,266,2
14110,5669.65,3,13
14059,183.6,266,1
16672,8093.59,2,23
16511,950.26,21,3
16256,732.63,257,2
13591,1117.13,64,3
14066,152.55,266,1
15483,233.81,161,4
16626,4379.65,0,20
15019,266.0,266,1
18270,238.95000000000002,38,3
14315,2456.98,21,7
17921,826.52,64,4
14041,141.41,266,1
17060,234.24,266,1
16023,719.81,46,3
17133,4892.240000000001,15,7
12878,841.64,18,3
14155,118.75,266,1
17043,1735.18,32,4
13046,629.31,30,2
14633,344.90000000000003,266,1
12948,2053.7,16,8
15703,211.5,264,1
14071,1307.41,3,9
17134,425.0,106,2
17795,350.39,179,2
12902,138.68,264,1
16444,638.77,46,5
14232,2043.93,31,8
14693,172.9,264,1
12407,1708.1200000000001,49,5
16728,1054.67,46,4
16096,320.62,264,1
13985,7024.53,4,16
13592,247.95999999999998,35,4
15140,2350.0,52,8
12843,1680.76,65,9
14408,2606.53,10,7
15408,267.18,264,1
15445,113.5,264,1
15452,538.73,29,3
14223,975.23,92,4
16619,204.41,253,2
14762,300.52,263,1
13934,922.1,263,1
15669,677.69,40,5
16384,584.5,89,2
18224,158.95000000000002,263,1
14245,1677.48,176,5
17678,298.11,263,1
15855,712.24,136,5
16036,758.92,87,2
17763,15.0,263,1
13262,200.29,263,1
17152,1503.5,194,4
14632,114.56,262,1
13900,740.95,183,3
14875,1448.72,9,5
15132,977.9300000000001,18,5
17272,2144.53,42,5
16135,517.55,262,1
12831,215.05,262,1
15437,200.16,262,1
16809,912.74,23,6
14711,2838.2,10,12
14377,617.05,191,2
16374,473.03000000000003,66,2
13196,1797.78,11,4
15457,237.07,262,1
12613,3218.98,31,6
16721,292.47,262,1
12399,1108.65,119,4
17733,692.19,38,2
17102,25.5,261,1
15410,3450.84,84,8
13239,329.56,261,1
15449,971.22,26,5
14870,327.25,261,1
13821,385.64,144,2
17096,992.6800000000001,9,7
12604,254.18,79,2
12818,1517.88,178,2
18191,207.79999999999998,261,1
14461,2103.06,148,3
13132,77.3,261,1
16859,473.14,106,5
15245,2515.84,134,3
17486,396.87,261,1
16308,2560.0,37,4
12564,456.9,261,1
14607,11341.1,15,17
13249,711.41,92,3
15644,813.0,166,4
14075,942.26,4,3
17250,384.52,3,2
17966,1098.43,37,5
14129,1123.8600000000001,1,5
15651,646.3,36,3
13035,886.63,57,3
13341,775.85,260,1
13512,251.21,260,1
16620,178.96,3,2
17698,154.95,260,1
14267,1279.09,150,7
13736,724.0,5,3
16022,628.28,260,1
14235,3093.86,10,6
16769,380.39,260,1
17754,1739.92,0,6
12408,2842.57,32,9
16063,335.32,260,1
15178,40.5,260,1
14348,409.57,260,1
15815,2100.6,63,5
13695,2504.13,31,15
17979,737.81,35,5
13139,5055.79,16,8
12545,1000.39,75,2
14758,1484.06,144,4
14536,171.8,259,1
13662,879.08,85,7
17946,149.57999999999998,233,2
13743,1340.1499999999999,2,8
18078,336.13,217,2
16780,425.19,100,2
18273,204.0,2,3
15045,633.66,151,3
17625,2047.0,18,4
13357,609.95,257,1
16777,226.35,80,2
14476,215.7,257,1
16245,1352.3600000000001,23,5
12669,1607.73,150,4
12792,400.53999999999996,256,1
17765,371.88,158,3
15083,88.2,256,1
18010,174.8,256,1
15249,6657.36,31,15
13760,286.79,54,2
15624,588.13,116,4
17749,674.52,178,2
15068,553.36,46,2
14538,388.25,64,2
14851,511.35,23,2
14021,631.9,155,3
13037,881.07,138,3
18177,1314.17,31,7
14128,637.5,60,2
17874,658.26,185,7
17719,5367.8,37,18
17931,408.36,134,2
13803,277.07,255,1
17398,653.38,114,3
15906,1521.79,19,8
16253,3665.62,31,3
13439,283.71,255,1
12888,313.77,214,4
13588,2445.12,15,13
12456,3153.89,44,4
15521,2574.65,36,13
13720,799.9,116,4
15674,1744.02,73,8
17594,993.18,85,2
17775,56.4,254,1
13988,4098.8,19,9
16657,933.62,9,4
15424,383.34,254,2
13316,5815.49,37,5
16788,597.48,123,2
16584,908.03,80,3
15364,913.19,95,2
18108,264.65,248,2
14272,437.96,73,2
15980,2398.86,88,3
15832,836.79,254,1
16092,779.36,98,5
15528,229.33,254,1
16398,1631.15,144,4
17088,1991.01,28,4
17438,378.3,247,2
13060,307.53,253,1
14790,745.06,16,4
14890,125.65,253,1
16386,317.2,28,2
14818,657.8,73,3
13571,2092.32,12,12
12909,2128.83,39,8
12619,3214.81,16,13
16698,1998.0,226,2
16681,1770.34,72,6
13573,294.4,50,2
14957,58.49,253,1
13918,1212.8400000000001,49,2
17212,226.85,253,1
17781,188.02,159,2
14886,364.8,252,1
13626,257.23,252,1
16609,5450.96,15,9
16180,10217.48,100,10
13462,143.25,183,2
18263,1211.08,23,4
16960,507.05,38,3
13841,85.0,252,1
17701,417.95,252,1
12949,4143.02,30,10
14852,2836.69,58,6
12569,4064.9900000000002,2,35
13169,712.88,63,2
16162,37.4,252,1
15691,136.8,252,1
14195,962.7,201,3
13781,127.84,250,1
17758,3456.7000000000003,19,8
14023,584.07,7,2
17669,3406.7200000000003,42,7
16142,535.34,249,1
17648,1789.55,60,5
13059,183.4,249,1
16224,1295.3,57,4
15223,454.90000000000003,225,3
17886,899.61,31,3
13294,873.74,189,2
15289,935.1,29,4
18185,304.25,249,1
17956,12.75,249,1
15756,532.96,61,4
14747,294.3,247,2
14719,1592.18,1,6
13015,3346.28,53,5
16586,463.95,248,1
16105,336.96,248,1
14546,2487.02,4,9
15442,594.0,248,1
16906,579.77,81,4
14535,2841.09,59,4
16170,1880.4199999999998,50,7
15244,631.57,65,2
16696,657.9000000000001,135,4
15145,1194.73,4,4
17492,374.57,248,1
13525,628.78,14,2
17409,771.85,184,2
17783,283.47,72,2
13863,299.56,245,2
13515,891.12,72,4
15917,123.1,247,1
17440,177.1,147,5
17045,339.44,113,3
17140,465.32,247,1
15201,927.84,78,11
14964,206.21,247,1
16031,548.94,92,2
14403,1426.31,130,5
17042,1044.3799999999999,2,5
13771,2631.7,64,5
17906,72.9,247,1
18272,3064.78,2,7
16144,175.2,246,1
13731,610.59,219,2
12580,415.7,246,1
14912,841.52,16,3
15530,1502.35,21,4
13950,728.56,11,5
13752,1186.28,124,6
13892,632.97,26,4
14446,1039.58,0,4
16209,2262.62,88,5
15754,455.67,50,4
13712,228.84,246,1
15800,699.08,107,2
16469,650.43,23,4
13005,468.95,173,3
14981,102.12,246,1
17928,212.54,45,2
16261,746.83,17,4
17883,671.77,3,4
14619,379.51,239,2
13995,1383.49,15,6
16643,487.51,245,1
14246,1474.06,110,3
18040,357.20000000000005,19,2
16837,3167.73,31,12
15119,266.4,245,1
16325,510.54,44,5
14924,310.05,245,1
15109,463.75,240,2
16623,129.45,245,1
12999,455.88,196,3
12717,980.98,151,3
13962,169.55,21,2
18036,405.62,32,3
14958,499.68,147,3
13562,1799.33,81,3
15775,104.9,245,1
17054,1353.83,28,6
17268,763.64,107,4
13548,682.41,96,2
13508,110.97,243,1
12447,476.49,243,1
13570,239.49,243,1
13232,1357.6,12,7
18129,112.55000000000001,243,1
13632,2117.02,24,6
15665,2242.01,168,2
17550,267.16,197,3
15655,511.32,233,2
14286,4595.81,23,5
16188,981.86,44,4
12656,3982.72,17,8
15214,1661.44,1,8
17574,185.65,242,1
15737,1121.21,14,12
18080,1231.5,18,2
14311,229.71,225,2
14339,289.90999999999997,234,4
12982,377.2,239,2
12701,797.71,79,2
12596,618.27,51,2
14273,559.97,51,4
12363,552.0,109,2
13549,916.12,25,8
15414,774.9000000000001,9,3
13203,869.46,9,4
14628,671.96,91,2
14326,166.85,234,2
15935,416.86,239,2
13655,932.97,114,2
12910,3075.04,23,8
13577,1658.3,25,5
15251,10327.11,9,15
14111,688.6,14,5
17160,3518.03,31,6
16172,1140.21,95,5
17972,136.04,241,1
12463,1303.63,46,7
14844,3189.81,63,4
17278,246.04,241,1
15212,88.94999999999999,239,2
16729,7076.28,36,26
14998,429.87,170,2
13484,313.8,241,1
16697,112.75,241,1
14931,964.6800000000001,4,6
18236,882.24,29,6
13740,350.75,240,1
16454,-8.15,44,3
15230,429.6,239,2
15134,1387.99,14,8
16309,686.67,91,3
13544,291.41,39,2
14262,2618.23,8,8
13134,1740.63,72,7
17589,2404.17,60,4
16097,185.04999999999998,240,1
13122,922.39,94,2
16966,2148.47,8,10
17746,98.8,234,2
16175,1037.59,94,4
14834,1698.35,17,8
16348,1469.45,32,7
15147,608.65,218,2
16131,3506.54,51,6
15813,1303.9099999999999,207,2
17058,1179.89,81,3
17704,885.19,168,2
16933,530.08,1,5
13772,1132.13,33,3
16249,1800.07,52,5
14198,663.5,4,7
13989,1266.08,65,2
17930,1740.48,35,5
14154,1345.62,239,2
14482,2068.15,18,6
14163,2445.91,87,4
14105,1260.33,85,2
17601,116.00999999999999,239,1
17142,579.0,239,1
13811,591.75,183,4
12457,1917.78,58,12
15135,127.15,233,2
16806,801.49,103,4
13952,3246.091,211,3
13120,30.599999999999998,238,1
12769,1143.6,238,1
13516,1389.41,21,3
14323,574.26,114,4
18079,3651.97,45,4
12639,486.1,238,1
14700,2235.3,32,3
15027,1051.95,30,6
17367,168.4,238,1
18213,232.48000000000002,236,1
17029,716.0,110,2
13220,819.2900000000001,78,4
15985,1037.42,123,3
16193,314.45,236,1
15172,1624.05,8,5
13692,1466.8700000000001,24,5
15745,1071.24,8,6
17582,175.27,236,1
13474,229.59,236,1
17697,338.95,236,1
16639,1169.38,25,4
16947,406.48,235,1
15491,3090.85,95,7
16617,151.85,235,1
15265,1506.1200000000001,151,2
16226,255.12,203,3
18009,252.24,235,2
16399,408.57,19,2
14623,869.35,32,6
15625,1504.56,100,8
18064,814.0,133,2
15508,1000.27,189,6
16628,2183.04,29,6
13647,1670.22,9,5
15594,1767.53,15,6
13479,291.0,198,3
13735,2766.18,24,8
13376,1019.76,99,3
15717,150.3,234,1
13719,1041.68,15,5
16633,2878.15,17,7
13101,101.19,234,1
15225,409.40000000000003,234,1
14152,611.09,75,3
12733,383.95,234,1
15436,1122.53,12,3
17217,113.5,234,1
17734,700.63,53,3
14905,599.9,154,3
14148,157.2,233,1
16103,1429.64,7,6
14626,2757.07,8,7
14868,2939.64,3,9
18246,596.1,23,2
13485,454.24,233,1
15517,267.03,233,1
17115,806.9000000000001,8,5
17120,307.46,233,1
16611,120.99000000000001,186,2
15912,264.62,178,2
12506,73.5,232,1
12670,2986.15,10,6
17588,1240.2,100,3
14759,1625.97,4,3
16185,529.41,16,2
13505,4282.88,67,8
13389,797.96,11,3
12354,1079.4,232,1
17631,528.33,1,3
17061,5116.13,73,12
17718,139.35,232,1
17630,503.59999999999997,169,2
13223,163.20000000000002,200,2
16146,734.13,157,3
17109,869.6800000000001,29,8
16587,225.15,232,1
12622,180.1,232,1
16750,623.93,44,5
13482,184.64,232,1
14512,275.28,187,2
17670,205.7,227,1
16834,413.46,227,1
15108,1291.75,141,5
16942,1894.11,12,10
14640,2042.15,15,8
16823,358.38,227,1
15237,1412.32,1,4
12573,160.54000000000002,227,1
17854,311.26,185,2
18220,297.78000000000003,219,2
17436,216.29999999999998,1,2
16965,201.19,226,1
12840,2714.27,143,6
15891,524.52,226,1
17187,203.95,226,1
13637,810.5,52,3
17991,93.35,225,2
16418,675.27,44,3
16099,731.9,50,3
15768,581.8299999999999,115,4
16637,1124.59,32,5
14240,890.34,30,2
15143,259.45,225,1
13229,160.95,225,1
14973,1314.45,107,3
14271,112.32,225,1
15952,806.57,33,4
16227,308.32000000000005,219,2
17893,112.25,225,1
14022,440.0,225,1
15210,331.18,225,1
16370,1320.56,82,4
15376,1233.3600000000001,40,3
14655,1930.15,3,5
17615,329.6,130,3
16055,134.8,220,1
14149,259.43,212,3
17501,288.6,220,2
14191,4660.01,1,14
13282,1047.8400000000001,18,6
15582,682.9100000000001,24,3
16230,542.03,189,2
18146,160.35000000000002,140,2
15976,430.94,165,2
17443,534.24,219,1
12886,1351.09,67,3
17974,740.79,24,3
13524,680.1800000000001,40,5
17955,557.3,198,4
15128,1419.54,60,8
16610,75.66,219,1
17394,203.86999999999998,219,1
14173,450.84,10,4
16258,5203.51,45,5
14948,1066.57,23,7
17384,336.4,19,2
16990,179.0,218,1
13762,3.552713678800501e-15,204,2
12593,418.09999999999997,108,3
14340,134.7,218,1
17429,512.12,120,4
13711,252.06,218,2
14515,2102.09,17,6
16457,208.36,218,1
17527,888.86,53,6
14199,185.39999999999998,218,1
13888,605.63,119,2
14423,265.2,218,1
14697,188.60999999999999,218,2
17522,1070.71,1,5
13867,1015.29,31,3
17624,843.48,14,2
14393,67.95,218,1
17578,124.74,190,2
13450,2043.7199999999998,26,6
17423,663.63,45,4
18241,2058.09,9,18
15668,76.32000000000001,217,1
16319,404.40000000000003,217,1
15757,714.42,65,2
17174,59.9,217,1
13365,2191.22,8,3
18227,93.75,217,1
14145,3148.2,46,5
18235,1796.48,71,3
13741,666.33,71,4
12394,1272.48,63,2
16832,199.15,184,3
15258,623.16,168,2
15552,90.12,217,1
18170,980.31,33,3
13723,199.85000000000002,217,1
14005,2874.72,9,5
15561,722.74,11,5
16121,867.11,57,2
18142,1014.9,151,4
13642,354.8,215,1
15117,1550.13,14,6
13561,141.85999999999999,215,1
15704,2293.62,140,4
16007,1701.94,47,4
16232,983.23,32,5
17410,1214.72,16,5
13835,834.57,25,4
13427,582.6,19,3
14353,90.6,215,1
12700,4867.99,7,6
13003,149.05,105,3
16756,239.4,214,1
13492,1269.84,136,3
16440,3640.67,7,5
18120,111.15,214,1
12355,459.4,214,1
17723,3276.4000000000005,127,6
14699,109.13000000000001,214,1
12821,92.72,214,1
13055,1201.96,64,4
13320,1491.7,70,6
16357,658.88,33,3
18242,2232.4900000000002,72,4
15865,895.13,40,3
17597,2044.3700000000001,213,1
14397,2556.68,0,23
13242,270.40000000000003,112,3
12684,2283.63,7,7
14288,413.85,212,2
15063,370.79999999999995,213,1
12592,437.6,92,2
14591,1447.14,15,4
13990,311.3,213,1
12749,3868.2,3,8
16320,1038.46,172,2
14691,2114.33,30,5
16229,1010.6,87,2
14920,977.77,212,2
17489,376.64,58,2
13404,252.49,1,2
15729,62.0,198,2
16644,833.78,177,2
14731,380.02,47,3
14277,3957.0,15,4
15187,4670.08,1,18
13052,348.15000000000003,212,1
18133,715.4999999999999,211,2
17664,604.64,18,2
14649,1417.29,4,4
13235,101.17000000000007,211,2
14883,756.64,18,7
12976,738.6,211,1
14681,498.95,71,3
14421,813.11,57,2
16116,592.88,205,2
14988,334.54,211,1
15489,1090.03,22,4
14364,3717.35,108,8
16006,101.4,211,1
16184,1155.54,64,7
17932,1331.57,29,3
18221,1033.31,22,6
12590,9861.38,190,3
14853,463.05,8,3
17658,485.88,10,3
17764,818.8199999999999,50,2
14651,654.6,67,2
14000,633.71,206,2
13601,693.32,45,2
12757,4227.7,15,19
17970,582.59,211,1
12770,1351.45,210,1
15826,1649.3600000000001,51,4
15907,967.45,3,3
12695,582.1,7,4
14342,607.71,21,6
14873,519.68,210,1
14689,112.8,208,1
15440,383.68,54,3
16076,2173.53,3,11
15333,1028.56,208,1
16283,1531.51,5,7
17263,63.440000000000005,208,1
16877,853.72,12,6
12674,1919.31,11,7
16642,679.83,4,3
12871,380.64,84,2
14038,1554.48,78,4
14489,463.38,207,1
14888,369.2,207,1
17190,249.74,58,3
13456,1737.8200000000002,17,7
17898,152.06,85,2
13976,357.98,206,1
16139,635.41,18,3
15730,1108.38,65,4
16266,861.89,73,7
15123,2199.31,7,2
17505,1145.84,161,2
12690,389.01,205,1
16446,2.8999999999941792,0,3
17556,157.9,205,1
14583,1052.55,5,5
16818,3317.97,10,13
13572,1384.25,205,1
14009,685.9300000000001,198,3
13258,698.58,11,3
14463,529.62,98,3
13192,911.94,95,2
16987,1625.05,3,7
13417,640.83,4,2
17047,1100.9,85,3
15116,1352.75,17,4
17469,1843.06,16,6
16647,214.06,169,2
15630,1180.4,45,3
17245,171.45,204,1
16008,478.78,23,3
17871,155.9,204,1
13529,307.76,78,2
12620,1339.41,14,3
15599,761.74,26,2
16813,1692.98,8,10
14859,1352.04,12,5
16463,1383.7,21,7
15791,1604.44,43,3
13658,2421.47,9,7
13887,349.55,204,1
12353,89.0,204,1
14551,186.23,18,2
17166,189.49,38,3
17926,397.29,133,2
13391,59.8,203,1
17455,131.7,203,1
13308,1367.6100000000001,22,4
13856,363.4,168,5
13243,600.07,203,1
15095,1364.7,103,5
18048,172.29000000000002,203,2
18287,1837.28,42,3
18150,566.58,32,3
16690,208.63,43,3
13555,4149.28,73,4
16038,454.33000000000004,7,4
13972,190.25,70,2
13227,257.7,201,1
13657,382.14,10,2
17176,306.13,201,1
14837,1641.2,89,5
14682,52.0,187,2
14921,1316.07,30,2
16341,1959.38,24,6
14647,243.22,201,1
12710,1130.57,96,4
15292,180.94,201,1
15705,143.1,201,1
13339,860.12,200,1
13885,506.8,189,2
12360,2662.06,52,3
13546,626.99,12,3
17715,326.4,200,1
18160,638.0600000000001,57,2
15434,997.48,8,6
15734,1339.45,114,2
13737,339.59999999999997,200,1
13213,1518.43,56,6
18018,122.14,108,2
15314,327.97,199,1
17521,721.9599999999999,24,4
15042,135.93,199,1
12863,504.2,52,2
16091,315.06,154,2
15804,3848.55,0,19
14593,617.99,21,3
14287,151.23000000000002,8,4
16763,594.9,185,2
14705,179.0,198,1
12562,3781.7400000000002,8,7
12815,1063.46,147,2
14522,974.54,24,4
16448,188.89000000000001,198,1
14584,1029.26,169,5
12974,144.8,197,1
12987,545.0,73,3
14816,271.85,197,1
15852,160.71,186,2
16624,810.5699999999999,80,2
12493,416.79,165,3
18232,582.47,81,5
18073,3864.44,114,13
16369,1553.66,18,3
14280,134.04,196,1
13135,3096.0,196,1
17345,537.74,15,4
16275,559.87,196,1
14338,554.22,158,4
15402,626.77,148,2
12876,2218.02,57,2
16323,207.50000000000003,196,1
12426,582.73,194,1
14451,662.59,60,2
14823,321.43,180,3
15897,222.05,194,2
17051,247.14000000000001,194,1
15925,207.15,194,1
12787,463.66,9,3
15863,68.84,25,2
16483,139.35,192,1
13398,457.34,192,1
13070,228.8,192,1
14819,272.07,64,2
12790,324.92,192,1
15163,304.47,18,2
18204,1979.3,71,4
15124,184.19,22,2
12473,2848.23,29,9
16969,650.41,39,3
14597,883.15,11,2
13917,272.04,49,2
13062,346.98,191,1
16484,379.4,173,3
15184,406.76,29,2
18135,681.9100000000001,29,5
14453,119.93,190,1
17900,15.0,164,4
13437,3408.06,14,7
12517,2464.89,28,6
16529,455.25,190,1
17531,293.45,120,2
16239,372.9,56,3
14500,356.85,88,3
16117,232.21,189,1
13248,465.68,124,2
16967,319.02,189,1
15405,349.1,189,1
16659,39.12,189,1
16880,1519.08,30,7
13435,3794.4900000000002,5,9
13131,1039.3,23,4
14891,554.38,148,2
16682,1028.0,4,5
15453,1388.37,1,7
16963,110.55000000000001,187,1
13682,59.5,187,1
15152,4684.24,9,16
15462,234.6,94,3
12449,4067.29,22,4
15349,473.81,158,2
16849,124.57,186,1
12802,412.58,183,2
15073,612.43,9,4
16298,598.2,22,3
12535,716.35,91,2
18248,783.02,113,4
15386,394.14,186,1
17252,353.86,116,2
14542,103.25,185,1
16825,775.1800000000001,38,2
12380,2720.56,21,5
18072,-5.329070518200751e-15,155,2
13643,519.44,31,3
15969,582.9,2,4
13283,93.66,59,2
17015,1842.56,28,3
14375,257.68,185,1
17124,298.89,185,1
17987,198.57,185,1
13395,307.72,185,1
17828,1599.97,8,9
15743,784.46,16,4
17414,778.0,43,2
14622,320.58000000000004,184,1
15609,270.03000000000003,182,2
14561,1080.76,75,3
16872,680.02,77,3
16358,2024.95,1,5
15238,1056.54,29,5
13466,297.95,100,2
17360,585.79,17,3
13510,1785.16,1,5
12406,3280.75,22,3
14241,213.70000000000002,183,1
14132,3580.13,2,12
14963,1487.8,9,5
17169,816.88,50,4
15252,740.78,36,2
17731,878.2,79,5
16113,161.38,183,1
12694,869.67,70,2
16107,3204.1600000000003,17,7
17483,414.04,65,3
15679,781.28,24,4
13686,72.0,182,1
16581,70.44,155,2
15267,1717.36,22,5
17234,149.89000000000001,182,1
17797,780.43,22,3
16614,506.19,182,1
12409,11056.93,78,7
15411,1346.38,26,5
14178,1620.93,8,7
15098,649.5,182,5
18281,80.82,180,1
14984,213.27,19,2
12516,1312.06,77,2
17265,562.9,138,2
13617,544.18,40,3
17242,1135.04,108,2
17289,936.16,31,4
16018,408.90000000000003,39,2
14704,1546.91,11,9
16794,1201.51,1,12
13761,1070.65,50,2
13517,2109.07,59,5
13936,361.28,171,2
16342,322.41,75,4
14177,554.46,84,5
12732,236.26000000000002,179,1
16205,761.38,30,4
15036,465.55,72,3
13589,379.65,14,2
17579,440.2,4,4
15069,1109.53,179,1
17349,110.75,179,1
13080,58.08,179,1
13663,189.47,179,1
14503,3543.26,3,6
16774,654.92,67,5
13384,4122.28,30,9
17101,1621.73,10,4
14997,540.98,46,4
17155,251.70000000000002,17,2
12809,484.36,168,2
16461,151.42,177,1
13343,303.93,172,2
12624,641.13,106,2
18165,302.46000000000004,177,1
17536,76.5,177,1
16324,428.68,128,3
17651,3886.67,11,14
14222,683.17,177,1
15585,455.3,176,1
17490,1926.8799999999999,0,11
16739,312.55,172,2
16276,810.6000000000001,176,1
17193,1674.46,35,9
16257,46.95,176,1
14285,1910.01,21,4
17642,712.29,119,2
12816,572.2,95,2
13826,174.65,158,2
13575,732.0699999999999,23,5
17157,306.55,7,3
16852,144.91000000000003,10,2
15219,305.75,176,1
15014,260.17,43,2
14765,254.11,29,3
16869,805.62,22,5
15909,191.94,173,1
13618,177.34,173,1
16050,137.9,173,1
17879,178.51999999999998,173,1
17562,1107.38,14,8
15334,351.67,156,3
12450,197.88,156,2
13568,192.85,173,1
14820,507.29,21,4
16744,1304.76,11,7
15700,664.03,172,3
17299,669.11,11,4
12837,134.1,173,1
15076,880.85,172,1
17444,2940.04,147,3
15921,336.03000000000003,172,1
15747,974.04,12,3
15840,345.66,58,3
15016,170.04,172,1
14808,2175.37,39,15
12904,509.58,18,2
15825,532.94,172,1
12432,5059.32,42,5
15389,500.0,172,1
15280,113.12,172,1
17159,1534.73,21,4
12830,6748.4,37,7
15507,492.36,171,1
18252,526.67,50,2
16526,290.36,171,1
17695,765.34,131,2
12930,409.9,78,4
14960,221.27,8,2
12444,5005.46,21,5
17960,73.78,171,1
15412,190.53,171,1
13763,1689.46,63,3
12798,6977.04,10,3
13849,1537.95,51,2
16114,135.75000000000003,170,1
13420,140.35,134,4
13780,360.01,7,2
17877,237.61,170,1
16247,114.56,170,1
15041,180.35,170,1
12379,850.29,81,3
16287,142.5,169,1
12919,1301.44,8,8
15130,330.11,169,1
12704,2220.84,7,10
17370,446.18,72,4
17709,137.45,169,1
15253,915.3,16,6
13300,365.29,164,2
17759,834.99,17,3
12465,733.89,7,3
12412,1226.88,74,3
12697,939.02,21,5
13937,158.85,169,1
12615,2291.19,2,4
15850,238.85,19,2
15186,411.41,14,2
13791,1047.68,43,3
14795,131.45000000000002,166,1
17768,2273.1800000000003,8,3
18112,352.69,12,2
12548,95.19999999999999,166,1
17386,2686.42,7,6
14104,216.20999999999998,154,2
17110,163.29999999999998,165,1
13895,2588.12,21,5
16545,339.3,164,1
16671,1692.27,28,3
14351,51.0,164,1
17391,508.8,163,2
16824,460.64,15,2
17750,1797.57,5,9
16200,1080.6200000000001,4,2
17997,1511.3,74,12
14383,1247.69,38,3
13461,1445.0,38,3
17408,32.65,163,1
15537,110.92,163,1
14327,311.65,163,1
17837,1560.53,42,10
12424,1760.96,162,2
15578,127.1,162,1
15584,722.61,23,5
13745,291.54,151,2
16498,86.12,161,3
17891,203.85999999999999,162,1
17123,345.29999999999995,161,1
16866,207.73999999999998,140,3
13730,752.6,135,2
16589,459.24,71,3
12922,405.38,161,1
16009,992.71,22,4
14053,260.25,124,2
17939,99.14,159,1
17312,644.3,138,3
13833,384.8,159,1
17899,155.8,159,1
15007,156.91,159,1
17464,289.96000000000004,158,1
18265,801.51,72,2
16344,101.10000000000001,158,1
13338,431.82,154,3
17024,95.85,45,3
14034,512.02,22,4
18203,160.42000000000002,157,1
16616,500.42,15,2
16338,214.79999999999998,157,1
17046,642.02,157,1
13109,766.84,2,5
16829,197.22,156,1
13217,133.62,122,5
14002,529.73,134,2
12977,39.239999999999995,156,1
13291,361.11,155,1
13583,781.03,155,1
16929,1295.39,3,7
17892,244.1,56,3
15505,3497.14,52,7
14459,1837.92,155,1
18013,187.29,155,2
13681,827.83,17,4
13699,308.58000000000004,155,1
14493,2362.84,7,7
13486,1122.41,78,3
13302,63.75,155,1
16012,1415.29,35,3
12635,1689.18,89,2
17031,380.35,11,2
12461,826.88,94,2
12648,318.05,154,1
18121,673.1,149,2
15901,363.88,16,3
14918,1610.15,115,2
15920,167.5,154,4
17353,1740.0,129,2
18024,236.77999999999997,152,3
15467,511.88,9,4
16174,1009.5500000000001,126,3
13678,232.6,151,1
14690,358.61,44,3
13058,271.40000000000003,24,3
14552,165.07,151,1
12556,603.71,50,2
13224,2150.85,60,3
16989,1133.25,7,6
12358,1168.06,1,2
13207,250.26000000000002,15,2
18122,1826.21,8,6
12722,904.33,85,6
17405,967.22,1,5
13311,598.57,4,2
15051,1391.61,23,3
15895,179.17,149,1
15795,610.01,149,1
13669,218.55,50,2
16450,311.92,149,1
13667,305.02,149,1
14400,559.7,141,2
12405,1710.39,148,1
14265,530.18,109,2
14847,309.4,148,1
14862,841.1999999999999,25,2
16488,492.2,33,4
15256,98.45,148,1
14716,329.68,43,2
13933,608.7900000000001,109,2
14857,1165.65,59,3
15306,1174.35,64,3
15839,1020.74,25,5
13994,2313.14,3,6
17554,1952.45,1,5
14332,866.31,22,3
17266,310.64,2,3
17948,358.56000000000006,147,1
15004,1246.32,147,1
14722,187.92000000000002,147,1
13507,2479.16,3,4
13967,80.7,145,1
16054,783.9,145,1
12833,417.38,145,1
16474,1811.47,7,11
17984,152.68,145,1
12589,646.68,28,2
17448,-4287.63,144,1
16762,1501.38,19,3
15369,-1592.49,144,1
13154,-611.86,144,1
13940,839.14,17,4
14029,467.66,63,2
14117,90.0,143,1
13167,791.33,18,4
17779,642.17,21,5
13991,850.63,12,7
18101,223.65,11,2
17065,-112.35,143,1
13827,412.05,57,3
12560,2101.39,5,4
16764,2758.25,3,18
18180,1843.75,4,6
12521,599.68,142,1
17866,325.7,142,2
15802,-451.42,142,3
17229,318.76,96,2
14456,3047.63,5,14
16464,1314.68,19,3
17962,102.83,142,1
16149,280.52,4,2
14259,120.0,141,1
18143,1000.16,116,2
17935,145.79,138,2
14517,330.45,33,2
17694,283.12,141,1
17660,196.0,141,1
16041,3166.4,30,3
15623,301.03,141,1
15829,636.14,99,2
15232,612.06,113,2
12438,2906.85,14,2
12627,4478.53,10,7
13079,220.10000000000002,4,5
18262,149.48,140,1
13563,777.53,84,2
15506,979.26,22,3
16305,361.21999999999997,138,1
12864,147.12,138,1
17724,995.6500000000001,57,4
17703,798.74,35,3
13116,485.19,117,2
14019,1398.96,46,4
17649,861.74,134,2
16178,197.9,138,1
17040,449.73,137,1
14100,194.9,137,1
16557,281.85,24,2
13296,87.4,137,1
13814,1562.12,56,3
16364,707.04,11,2
17693,187.02,136,3
15372,2007.3999999999999,137,1
15618,747.031,32,5
13930,337.34,57,2
13379,572.56,26,3
13194,60.7,135,1
16447,259.01,135,1
14305,1803.76,71,5
12397,2409.9,35,2
14331,462.65999999999997,124,2
15261,254.82,135,1
15105,2298.93,18,7
13813,1353.41,39,5
18268,0.0,134,2
14855,645.65,119,2
13925,616.65,36,6
18237,987.1,2,5
12453,707.09,134,1
15639,425.32,134,1
15118,244.8,134,1
15746,182.96,134,2
12743,546.43,134,2
15942,337.44,133,1
14143,115.8,133,1
15120,343.82,129,2
16147,375.0,133,1
13277,258.4,15,4
18127,348.73,19,3
15149,520.8000000000001,133,1
18081,343.45,36,3
14511,1267.4099999999999,11,6
12716,1053.49,3,2
15776,241.62,133,1
12981,372.21999999999997,29,2
13106,59.5,128,2
13928,464.57,10,4
14885,765.3199999999999,131,1
13388,627.15,121,3
15438,156.57999999999998,131,1
17173,3755.65,5,9
17941,304.56,130,1
14947,290.82,72,2
17053,496.38,128,2
12534,1089.18,130,1
12844,325.96000000000004,29,2
14567,1524.46,35,3
14937,1617.63,56,4
12828,1018.71,2,6
16984,4392.42,78,5
13023,689.9,64,2
17553,1487.6,129,1
13075,919.61,129,1
15342,391.76,116,2
12644,477.91,129,1
12378,4008.62,129,1
17788,1117.9,73,2
13850,1586.81,88,2
14076,122.47,129,1
13805,924.6,52,2
17887,111.35,129,1
13186,1539.69,39,5
12750,275.88,128,1
15374,168.0,128,1
17656,1674.69,73,5
16102,1842.14,42,3
15089,2420.84,10,6
14972,114.77,128,1
17514,208.65,128,1
12917,594.0,128,1
12689,1247.61,25,2
14768,139.5,17,3
17584,1227.3,7,3
15254,300.36,127,1
18099,168.31,127,1
15205,648.8299999999999,85,3
13218,62.63999999999999,127,1
17267,317.62,127,2
16302,212.82,107,2
13513,205.1,126,1
14720,663.81,5,3
18282,176.6,7,3
12610,2057.99,22,7
13200,870.09,19,4
14079,375.1,124,1
17298,498.42,101,2
14024,327.7,121,2
16066,1521.87,16,5
15198,193.64,92,2
12885,1158.27,63,4
17331,175.2,123,1
13016,789.89,73,3
13500,1136.77,23,4
15247,356.0,122,1
13355,674.7,122,1
16053,1511.95,32,2
13919,350.15999999999997,53,3
12384,566.16,28,3
16292,280.9,117,2
12571,519.61,39,2
14116,1382.74,19,5
14495,123.8,50,2
15494,1299.23,21,2
15608,1093.68,28,4
17248,318.65,120,1
17653,1175.88,29,5
13645,252.1,120,1
15469,504.5,43,4
13307,15.0,120,1
12381,1803.96,4,6
17122,138.32,119,1
14406,156.75,119,1
15683,193.75,117,1
14301,632.04,107,2
14658,247.15,5,2
13621,213.85,116,1
16272,411.7,116,1
17958,508.4599999999999,116,1
16836,251.87,39,2
16961,234.17,116,1
16902,1706.88,116,1
15706,1001.8100000000001,59,7
15480,905.5,116,1
15315,551.54,64,3
15653,877.4399999999999,92,2
13159,1379.75,8,5
13189,260.68,18,2
17637,547.0600000000001,31,2
12641,185.9,115,1
13470,165.0,99,2
15786,4834.2,43,5
15541,85.13000000000001,114,1
16734,650.51,52,3
16706,531.35,37,3
17070,312.14,114,1
12688,4873.8099999999995,113,1
12729,453.01,113,1
12962,266.39,7,2
13273,138.98,113,1
17736,337.49,9,4
15472,371.56,113,1
12680,862.81,0,4
16582,313.62,113,1
17747,64.65,100,2
12513,586.79,84,2
15396,288.18,112,1
12418,668.58,112,1
16828,128.5,93,2
14712,917.07,29,3
12991,503.76,23,2
14772,139.26,112,1
12364,1313.1,7,4
12968,135.95,112,1
16330,242.21,17,4
14566,1432.0,110,1
15701,1542.14,2,4
12518,2056.89,0,5
14529,620.04,60,3
16536,539.02,107,2
15313,52.0,110,1
15801,1042.19,46,4
16201,1821.52,3,5
16555,285.89,35,2
16952,167.61,109,2
14387,1770.56,32,3
17073,1446.09,17,4
18147,179.33999999999997,45,2
14523,241.09,108,1
14418,1937.25,3,3
12642,1013.26,25,3
16968,439.43,4,2
16723,589.15,91,2
13411,213.55,107,1
16340,549.07,107,1
13236,727.27,24,3
14196,335.52,106,1
15263,156.51,106,1
14314,120.0,106,1
16093,17.0,106,1
17844,51.559999999999995,106,1
14687,628.38,106,1
14050,746.36,31,2
16429,284.55,106,1
14055,725.6400000000001,106,1
12715,353.86,106,1
15663,138.14,106,1
18200,163.8,106,1
18167,1355.51,3,6
13644,2597.52,8,5
17451,1648.95,1,10
16641,231.10000000000002,105,1
13812,539.0,42,3
14141,879.0300000000001,2,6
15074,748.87,105,1
12492,263.21000000000004,63,2
17183,3286.9100000000003,7,8
15325,162.29,103,1
13778,178.7,103,1
14869,721.95,3,3
14096,57120.909999999996,4,34
14108,594.16,30,3
12814,125.92,101,1
15866,230.53,101,1
14660,285.74,86,2
13726,1079.6599999999999,38,2
15690,239.76,4,2
17777,665.86,24,3
16278,537.83,23,3
13276,590.9300000000001,63,2
12436,509.01,99,1
13147,712.8000000000001,10,4
13045,305.28000000000003,99,1
13099,207.35999999999999,99,1
12739,1013.04,78,2
14420,385.87,85,2
14436,89.06,98,1
18027,115.31,98,1
12794,860.41,53,2
12832,383.03,32,2
16674,319.61,54,2
12375,455.42,2,3
16173,1406.57,15,7
14171,363.79,98,1
13434,534.24,74,2
16761,316.62,96,1
14067,374.7,63,2
13808,1747.66,5,5
12851,135.18,96,1
14335,468.26,16,2
14965,599.0,96,2
15136,1282.45,2,5
16629,417.73,73,2
18261,324.24,43,2
15307,205.3,95,1
16820,497.61,95,1
17309,82.75,95,1
13949,2427.32,2,6
14360,2128.23,31,4
16400,303.93,94,1
14208,151.74,94,1
12526,1316.66,0,3
13130,64.0,94,1
13210,353.48,93,1
17481,1249.34,3,5
12685,2863.08,28,6
17573,362.9,29,4
14452,264.44,10,2
13889,416.90000000000003,92,1
15488,91.32000000000001,92,1
18222,443.0,92,1
13244,121.74000000000001,92,1
17004,1412.94,46,2
13441,296.64,91,1
13823,957.66,18,2
12879,552.5699999999999,44,4
16603,482.47,74,2
14824,1127.71,10,4
16910,1510.06,4,8
15652,337.74,91,1
16362,652.07,32,9
15035,252.73000000000002,89,1
14508,276.42,22,2
13272,276.56,31,2
17317,2524.02,46,5
14212,1070.48,89,1
13372,378.64,89,1
18255,103.3,89,1
14250,1904.05,7,3
16796,305.62,89,1
14432,2255.51,9,6
15782,2593.94,9,4
12883,703.47,24,4
12965,771.91,89,1
15533,746.92,19,5
18215,299.34000000000003,89,1
18158,451.75,9,3
13375,772.9,81,2
13431,1269.1,67,2
16211,542.77,81,2
12884,309.05,88,1
16141,620.4,88,1
17919,1304.04,88,1
16360,3411.69,4,8
17433,303.15999999999997,88,1
13704,2295.31,5,10
14020,642.8,16,2
14359,882.58,19,6
16451,266.97,87,1
12940,876.29,46,4
15216,96.6,87,1
15522,398.84,32,2
17037,1253.22,78,2
12822,918.98,70,3
15343,364.5,87,1
14753,563.15,87,1
16959,117.35000000000001,87,1
18251,4314.72,87,1
13032,996.52,38,3
12895,347.3,42,3
17640,621.66,86,1
13860,1240.0,1,6
12756,112.07999999999998,86,1
18001,417.23,12,2
17728,2515.68,3,5
15933,1107.46,21,3
14284,578.45,30,3
17347,228.96,86,1
15103,703.36,31,2
15707,945.58,35,4
13430,648.6899999999999,18,4
12566,346.7,72,2
13321,567.36,72,2
13877,117.24,86,1
15272,721.94,57,2
15322,602.97,64,2
17333,494.25,85,1
13518,659.4399999999999,85,1
14306,2083.42,51,3
17679,1992.1100000000001,52,2
16160,1009.4499999999999,64,4
15573,607.45,31,2
14894,655.75,85,1
17434,2333.42,2,9
15466,334.53,85,1
15511,909.23,11,5
17846,2033.1,85,1
16189,215.48,15,2
15417,508.8,85,1
12995,200.72,77,2
14557,0.0,64,2
16108,816.1,84,2
17144,984.57,1,2
16924,739.5,21,4
15099,410.48,84,1
13323,787.85,3,5
14124,419.58000000000004,84,1
15975,371.01,84,1
15523,412.01000000000005,84,1
16878,0.0,24,2
15947,1708.24,82,1
13247,501.12,17,4
13566,874.71,40,2
18194,896.0,64,2
16689,303.26,75,3
16438,798.35,5,5
13067,115.46000000000001,82,1
16460,814.72,28,3
13325,675.3,81,1
12640,1174.58,23,3
13774,345.0,81,1
12497,1043.1,81,1
12752,4366.78,81,1
15504,52.83,81,1
15500,1131.56,8,4
17557,541.46,14,3
13228,358.0,81,1
14356,666.9399999999999,60,4
13416,712.5,43,2
17628,75.75,81,1
16527,228.06,81,1
16428,-2.95,81,1
15341,2020.52,80,1
16215,242.35,80,1
14164,1631.77,70,2
15888,141.27,79,2
17564,454.01,24,3
13356,768.24,80,1
12390,549.84,79,1
18228,769.2,50,3
17415,507.84,79,1
13350,910.72,16,3
12550,964.83,79,1
16627,322.8,79,1
17475,194.37,79,1
14951,311.69,79,1
14780,447.68,54,2
14887,1862.0,79,1
15399,815.77,1,3
17466,763.28,10,2
16379,2131.9,4,5
17172,313.26,74,2
15239,764.34,10,3
16213,159.0,78,1
15603,48.480000000000004,78,1
14261,1163.45,50,2
12657,1152.06,11,5
15571,650.4300000000001,11,4
15484,3563.11,1,5
12936,1012.9,17,5
16236,432.2,78,1
16669,1370.8700000000001,23,4
15398,1339.63,16,3
12906,2919.81,11,5
17079,118.80000000000001,78,1
14125,2740.43,10,3
17163,293.1,21,2
12952,1382.8400000000001,5,5
12579,410.72,73,3
13279,126.30000000000001,64,2
12425,777.2,78,1
16715,301.71999999999997,78,1
13519,110.80000000000001,50,2
12546,1141.5,46,3
15744,34.8,77,1
13127,259.17,77,1
15714,330.88,11,2
17480,506.51,73,2
15763,1048.67,31,3
15075,773.03,77,1
16978,344.33,77,1
14014,505.18,77,1
16240,3693.81,8,5
13336,795.12,77,1
14652,114.18,77,1
15807,903.9,50,3
15762,583.75,65,2
15475,454.10999999999996,77,1
15978,1098.78,77,1
16485,363.65,77,1
12488,1298.66,9,3
13083,303.75,4,2
16169,1822.97,8,4
17506,294.29,70,2
16480,769.29,75,1
17006,781.78,4,4
17498,272.22,75,1
17131,2463.17,5,5
13536,3448.29,1,7
15429,364.90000000000003,26,3
17154,329.34,75,1
16594,181.09,75,1
16049,1111.79,40,3
14757,420.5,75,1
16198,400.68100000000004,75,1
13670,349.7,75,1
18066,318.0,75,1
14806,193.39000000000001,75,1
12783,1603.87,2,8
13429,1006.8,10,4
15154,240.27,74,2
13390,544.08,74,1
12925,694.05,4,2
13927,348.99,74,1
18205,517.36,36,2
14908,277.8,74,1
13639,1033.34,74,1
15958,104.35,74,1
15492,659.4599999999999,28,2
15243,316.68,74,1
16468,74.9,74,1
15344,476.58,0,5
13866,145.67000000000002,74,1
12612,643.59,57,2
16999,484.82,23,2
13514,152.20000000000002,73,1
13314,578.66,1,4
17805,512.31,73,1
18278,173.9,73,1
13979,869.87,73,1
16181,305.54,73,1
15568,758.29,2,3
16354,395.8,63,2
14412,761.3299999999999,35,3
16119,423.36,8,2
14109,80.2,23,2
16157,644.24,15,4
15348,158.04,72,1
16281,2062.06,72,1
13924,1682.08,1,11
14434,1372.8,21,6
13061,248.61,72,1
17513,513.2,72,1
16909,364.14,64,2
16650,518.42,71,1
18192,957.97,71,1
17447,541.53,40,2
17427,100.8,71,1
15175,224.14,71,1
13960,230.22,21,2
17528,3540.1,1,11
16361,896.66,9,4
13886,243.56,71,1
13354,743.53,71,1
15050,1727.17,25,5
13503,216.85,71,1
16653,1166.92,16,3
16574,451.44,71,1
13759,659.4100000000001,33,2
17813,1714.6,14,7
12718,238.25,71,1
15949,364.72,16,2
12703,274.7,64,2
13364,0.0,66,2
16268,667.65,71,2
18053,297.07,66,2
16101,1245.96,9,3
15565,173.16,50,2
18217,621.75,29,2
13954,378.59,1,3
15593,199.8,70,1
13095,74.39999999999999,70,1
15287,485.24,22,3
13347,341.36,70,1
15185,310.62,70,1
16404,443.05,70,1
16613,618.59,70,1
16591,213.5,68,1
15774,270.8,68,1
13558,605.06,5,4
16930,380.55,26,3
16533,1026.94,19,5
18059,296.71,9,4
14488,1047.43,51,2
16747,826.96,25,4
14333,351.45,64,2
13635,1071.03,67,1
17330,363.9,22,2
17321,700.86,8,2
14815,778.5,36,2
15091,476.96,53,2
15088,1140.27,21,3
15930,426.63,67,1
16183,338.71000000000004,67,1
13297,2089.85,7,4
13801,324.8,66,1
16881,432.0,66,1
17014,565.58,8,4
15255,890.85,66,1
14184,452.89,66,1
13351,373.94,66,1
15739,449.12,66,1
12512,138.03,66,2
17957,111.68,66,1
15276,135.31,66,1
15127,406.53,65,1
16106,108.38,65,1
17666,728.16,3,2
13483,140.34,65,1
16478,331.0,25,3
17382,65.4,65,1
12789,91.85,65,1
16020,851.01,16,3
17222,354.15,65,1
16803,332.3,65,1
13947,90.6,65,1
16758,369.34000000000003,65,1
12719,608.1,5,3
17647,133.06,65,1
14054,92.46,65,1
12723,725.07,3,5
18033,97.97,65,1
13845,312.98,64,1
15837,391.98,64,1
12628,769.61,4,4
13177,282.45,64,1
14317,508.58000000000004,64,1
16295,1328.55,9,4
13602,428.89,64,1
16895,219.14,64,1
17295,556.95,28,3
13504,295.93,64,1
13422,2601.55,51,2
15264,393.74,64,1
16432,287.4,64,1
13816,555.04,23,4
14518,174.37,64,1
13882,1131.28,2,6
15937,145.35,64,1
12923,176.97,64,1
17453,486.71999999999997,17,2
15766,315.06,64,1
15300,496.44,64,1
13348,233.76,64,1
14592,570.46,35,3
14792,0.0,63,2
17030,146.87,63,1
12420,600.39,63,1
14427,363.34000000000003,50,2
12519,340.84,63,1
13359,431.26,59,2
14138,982.3800000000001,1,2
15297,635.04,10,4
13876,122.7,63,1
12740,427.6,63,1
17086,2050.08,7,6
13806,256.38,63,1
18096,911.15,11,3
13587,347.0,31,3
12856,2162.68,7,8
13419,221.06,63,1
17509,6100.74,57,11
16900,187.6900000000001,11,5
13689,910.0,63,1
13755,2154.68,3,10
16104,302.36,61,1
13259,292.32,61,1
16248,152.94,61,1
15612,195.15,36,2
15787,948.05,26,3
16595,360.16,61,1
13260,557.62,61,1
15821,570.96,44,2
18088,167.67000000000002,61,1
16685,324.24,61,2
13193,117.88,61,1
13212,780.58,9,4
14801,193.14,61,1
16380,1780.59,61,1
16921,169.79,61,1
15193,499.32,60,1
14027,104.82,60,1
16179,215.83,60,1
15473,1465.2,14,10
17425,759.17,19,2
18169,202.65,60,1
18126,206.82999999999998,60,1
16688,1260.86,1,4
16982,384.06,60,1
15330,714.96,32,2
17186,144.0,46,2
13685,3119.44,2,7
16776,388.28,60,1
13980,200.14,60,1
13352,389.28,7,2
15553,437.23,60,1
15886,181.09,60,1
17203,3563.85,35,6
12607,3.552713678800501e-15,58,2
17459,657.3,43,2
12772,892.47,59,1
16561,511.12,5,2
14121,2740.3,3,6
12371,1887.96,44,2
17119,593.61,3,3
17620,81.44,59,1
12824,397.12,59,1
14710,606.13,14,4
16120,1294.14,59,5
14624,225.85,57,2
16171,73.2,59,1
12536,4106.82,7,5
13690,172.25,59,1
17934,704.25,51,2
14642,96.12,58,1
12602,153.12,58,1
16753,223.92000000000002,58,1
17737,168.24,9,2
13464,674.68,58,1
12667,620.13,58,1
12498,403.70000000000005,21,3
14537,355.56,57,1
17279,187.82999999999998,57,1
14251,2879.7000000000003,1,5
12446,1002.3100000000001,57,1
12631,640.5,57,1
14234,775.46,22,4
14975,279.94,57,1
13853,1056.94,8,2
16773,171.59,57,1
16430,300.85,57,1
16793,243.84,57,1
18130,1045.74,8,4
17614,390.07,57,1
13858,216.17,57,1
14856,1311.3799999999999,36,3
14089,161.0,56,1
15478,1441.42,40,2
16413,262.2,56,1
13810,899.51,28,4
16416,1026.99,26,4
13006,81.57,56,1
17986,20.8,56,1
12454,5.684341886080802e-14,53,2
14910,389.86,2,7
16243,409.1,33,2
13878,1281.53,54,1
16934,950.9300000000001,54,2
15994,427.07,54,1
14547,3986.7400000000002,3,9
16052,362.06,54,1
15113,3439.41,9,4
12475,723.38,53,1
16542,119.62,53,1
18042,165.04999999999998,53,1
16563,1077.74,53,1
17201,342.63,53,1
17520,546.81,53,1
13923,351.13,53,1
16412,151.83,53,1
17205,384.08,53,1
17534,223.36,53,1
15335,173.97,53,1
16737,417.59999999999997,53,1
15066,760.59,31,2
17206,204.24,53,1
17785,131.94,53,1
16932,161.94,53,1
16363,109.36000000000001,53,1
14830,197.13,53,1
17244,954.9,53,1
15355,277.05,29,2
15598,235.68,35,3
15637,223.36,52,1
16848,281.42,52,1
15678,352.7,52,1
14015,917.34,52,1
13594,396.97,52,1
15327,208.75,52,1
14861,125.79,52,1
14554,2381.04,10,4
12611,1193.32,52,1
14179,719.78,40,2
15604,216.39,52,1
14381,202.68,52,1
12572,1004.72,8,3
16123,307.78,51,1
16851,342.45,4,3
17148,124.88,51,1
17549,148.86,23,2
17973,337.04,51,1
15610,112.46000000000001,51,1
15853,110.8,51,1
18019,38.45,51,1
14698,1250.76,1,5
16826,341.7,51,1
17824,298.4,51,1
12522,192.72,39,2
15803,415.82000000000005,51,1
15006,502.09,51,1
17350,1256.19,8,5
14799,157.7,51,1
15814,1842.73,3,6
16260,1035.45,50,1
14638,443.6,50,1
17354,1393.06,50,1
13245,430.5,50,1
14923,749.1,50,1
16177,331.95,50,1
13366,56.160000000000004,50,1
16284,823.97,31,2
16846,214.32,50,1
14484,321.92,50,1
13897,311.16,50,1
14585,157.05,50,1
17125,259.35,50,1
15836,117.47,45,2
16313,274.15000000000003,3,2
13460,183.44,29,2
12403,409.7,49,2
14967,463.8,49,1
15286,240.55,49,1
17832,155.37,49,1
12646,1346.97,4,2
16015,690.54,3,4
16311,616.26,17,2
15728,-134.8,49,1
15740,154.88,49,1
13974,413.59000000000003,49,1
15677,657.23,49,1
15000,490.52,47,1
16017,211.88,47,1
13471,2531.58,1,4
13598,167.42000000000002,47,2
18005,249.72,3,2
15427,1483.14,33,3
15022,905.04,11,4
17111,248.61,47,1
17836,110.21000000000001,47,1
14629,939.21,4,3
15592,388.58,46,1
15277,255.89999999999998,46,1
16491,731.5,46,1
15516,62.43,44,3
14764,250.55,43,2
16742,0.0,46,2
15142,498.74,46,1
17344,160.57,46,1
18240,422.58,46,1
17081,290.16,25,2
14474,537.71,43,2
14139,415.82,46,1
15844,130.73999999999998,46,1
13176,492.84,46,1
12398,1635.6599999999999,45,1
15345,367.69,35,2
16708,656.63,45,1
15963,470.76,19,2
18045,189.4,45,1
13182,121.18,45,1
15158,401.40000000000003,45,1
13028,659.68,22,3
13978,196.79000000000002,14,2
16056,664.85,45,1
12812,229.64000000000001,44,1
16071,326.24,44,1
14539,537.48,15,2
14550,765.62,10,2
17712,522.91,44,1
14102,1314.73,5,8
14598,221.97,44,1
15320,267.13,44,1
16415,210.35,44,1
12448,449.45,44,1
12827,430.15000000000003,5,3
16345,575.41,44,1
15993,2756.82,8,10
17895,98.0,44,1
15948,955.24,8,2
15659,306.45,43,1
18154,399.19,3,2
12630,1270.88,9,2
13363,992.5,17,2
18276,323.36,21,3
17684,239.41,43,1
17878,379.45,43,1
14752,389.64,43,1
16847,193.44,43,1
14971,1116.57,35,3
17545,645.96,43,3
16026,236.09,43,1
16513,874.59,4,4
12430,256.4,43,1
14357,225.77,43,1
16855,328.4,23,2
16680,183.7,43,1
18035,730.4,35,3
16648,270.85999999999996,38,2
16164,802.53,17,4
14218,169.48000000000002,42,1
15096,219.39000000000001,42,1
18030,220.7,4,3
14416,490.22,22,2
17839,338.8,42,1
16601,244.79999999999998,40,1
12912,1662.3,2,5
13278,542.73,40,1
14582,114.11,40,1
15748,149.31,40,1
16079,1352.0,16,3
17590,1479.22,2,3
15054,302.1,12,2
14158,507.66,40,1
15385,316.88,40,1
16506,90.30000000000001,19,2
13822,632.0,5,2
18067,396.33,40,1
16190,215.08,40,1
15444,1418.26,9,2
13607,678.01,40,1
12581,197.71,39,1
15360,427.93,39,1
13103,243.94,39,1
15667,301.32,39,1
13651,94.2,35,2
12552,437.82,38,2
16127,656.25,39,1
12588,214.89999999999998,39,1
15977,1054.73,17,2
13697,151.29999999999998,38,1
14345,108.97999999999999,38,1
17503,558.96,2,2
16830,325.91,38,1
17495,497.56,7,2
12491,460.40000000000003,38,1
14485,165.75,38,1
13868,3192.54,7,2
15423,43.5,38,1
17668,347.75,1,2
16971,232.20999999999998,2,2
16352,494.44,17,2
16884,429.84000000000003,37,2
15830,547.7,29,2
14216,1839.3,3,4
15275,609.19,31,2
16790,1520.1200000000001,3,8
15576,940.6700000000001,37,1
18105,113.48000000000002,37,1
18164,394.7,31,2
14974,114.39,37,1
17947,176.68,37,1
13318,640.76,1,3
18104,754.64,37,1
13271,178.26,37,2
17595,388.79,12,2
14528,364.21999999999997,37,1
17432,365.76,18,2
16337,151.05,36,1
14098,147.35,36,1
15551,436.06,36,1
16347,887.65,11,2
13721,524.14,36,1
16322,326.75,1,2
17403,281.62,36,1
16914,208.46,36,1
16602,494.72999999999996,31,2
12544,355.7,29,2
13914,613.95,3,3
13467,1083.71,10,2
17221,335.13,7,2
17078,378.2,36,2
13447,1104.23,23,4
15010,308.94,35,1
18022,668.11,35,1
16318,328.15,35,1
17274,111.97999999999999,35,1
15597,315.71999999999997,29,2
17233,190.88,35,1
16887,194.88,35,1
13938,71.66,35,1
17084,2949.75,35,2
14882,589.7,26,2
15017,125.58,33,1
12882,1463.04,9,2
17387,784.11,19,2
13727,333.48,28,2
13532,210.31,33,1
16445,230.51,33,1
15156,961.49,1,3
16372,367.93,33,2
17608,193.42,33,2
12638,671.69,33,1
14174,134.46,33,1
14039,152.2,33,1
13040,676.99,8,2
15883,396.48,2,2
14664,637.89,19,2
15526,148.44,33,2
17831,35.400000000000006,33,1
15025,377.01,33,1
12357,6207.67,33,1
17761,712.78,32,1
15870,354.09000000000003,32,1
14080,45.599999999999994,32,1
17623,527.0500000000001,32,1
13673,396.92,18,2
14073,139.54,21,2
16070,852.15,22,2
13066,430.9,24,3
14929,223.88,32,1
13710,180.48,31,1
16732,603.75,31,1
14140,920.05,3,3
17219,114.23,31,1
16505,777.6,31,1
15957,428.89,31,1
18123,589.4399999999999,24,2
15043,537.0,31,1
17313,2288.13,17,2
18216,481.75,31,1
17022,71.0,31,1
15153,329.25,31,1
16759,772.84,7,4
16751,1764.72,30,1
12893,188.14,30,1
14836,102.44999999999999,10,3
17011,270.9,30,1
12532,349.83000000000004,30,1
17038,112.4,30,1
14968,147.59,30,1
12504,114.0,18,4
16516,101.69999999999999,30,1
13522,125.80000000000001,30,1
15986,168.12,30,1
13992,76.8,30,1
14354,163.62,5,2
16986,1873.2,29,2
16953,20.8,30,1
18274,1.7763568394002505e-15,17,2
15450,429.84,30,1
15531,2007.44,8,2
17500,1138.0,17,3
17197,1013.01,29,1
16025,439.65999999999997,29,1
12659,91.68,29,1
17461,757.46,22,3
17791,106.1,29,1
15463,126.14,29,1
17977,288.14,29,1
12617,355.53,29,1
14863,266.76,29,1
16903,373.24,29,1
12508,398.27,26,2
17502,689.1,9,4
12538,363.95,29,1
17901,110.38,29,1
14789,197.64,28,1
18209,139.10000000000002,28,1
12985,1215.6200000000001,0,3
15557,473.65000000000003,28,1
16433,184.26,28,1
15692,191.04,28,1
17052,413.75,28,1
16368,497.43,2,2
18014,166.42,28,1
13732,491.86,28,1
13091,319.82,21,2
14661,107.95,26,1
13170,116.00999999999999,26,1
15654,922.53,9,2
13146,228.91,26,1
14788,679.4399999999999,7,2
13603,164.34,26,1
14382,626.0699999999999,26,1
16720,155.24,26,1
14904,1025.44,2,2
14494,139.56,25,1
14902,314.11,21,2
16936,262.68,25,1
12938,114.14,25,1
15168,106.56,25,1
17538,98.42,25,1
18082,703.37,25,1
18117,320.72,25,1
15458,161.64,25,1
17566,901.21,8,2
16207,394.38,25,1
12762,1898.52,7,2
17793,323.04,25,1
14953,289.82,25,1
16504,484.38,25,1
12374,742.9300000000001,25,1
15009,1261.78,12,3
16423,346.12,24,1
15419,135.86,24,1
17510,308.48,24,1
15758,205.25,24,1
15524,440.0,24,1
14725,718.08,24,1
14666,195.25,24,1
14714,160.19,24,1
17153,213.78,24,1
12950,1843.0,2,3
15720,598.73,24,1
18181,382.8,24,1
15556,279.77,24,1
17357,388.14,24,2
12890,380.46999999999997,24,1
13449,291.88,23,1
15269,408.8,23,1
14385,202.11,9,3
15900,351.11,23,1
17680,184.4,23,1
13926,223.85000000000002,23,1
16204,405.71,23,1
17896,256.32,23,1
17835,350.64,2,3
15432,171.19,23,1
18006,444.68,23,1
15657,30.0,22,1
17237,314.69,11,2
13160,91.8,22,1
12847,871.54,22,1
17397,696.41,22,2
17985,634.95,22,1
14362,161.2,22,1
13828,209.49,22,1
15435,149.29,22,1
12445,133.4,22,1
12603,739.1999999999999,21,1
14641,110.46,21,1
12618,177.31,21,1
15621,1158.77,4,6
12391,460.89,21,1
18034,422.88,21,2
17286,153.92,21,1
17904,178.92,21,2
17301,197.63,21,1
15368,446.94000000000005,21,1
14793,214.14,4,2
17650,166.08,21,1
12702,219.0,19,1
14881,255.4,19,1
16784,107.6,19,1
14052,225.36,19,1
18110,206.05,19,2
17561,167.62,19,1
15988,158.03,19,1
17523,652.74,11,4
14950,361.25,8,2
16666,118.98,19,1
14860,168.62,8,2
17636,265.93,8,2
13832,40.949999999999996,17,2
13142,307.09,19,1
16366,327.3,18,1
14300,43.2,18,1
12349,1757.55,18,1
12658,686.05,18,1
12795,430.48,18,1
15567,186.01,18,1
15645,612.01,18,1
16406,163.07,18,1
15857,297.0,18,1
12984,97.5,18,1
17253,178.26,18,1
13739,216.9,18,1
18139,8393.22,17,8
15274,716.57,4,2
17010,185.46,16,2
15115,340.11,18,1
17100,971.74,18,2
15699,309.65,17,1
13403,75.0,17,1
16956,292.34,9,2
17600,161.67000000000002,17,1
15877,440.78,1,3
14424,322.08,17,1
13322,199.48000000000002,17,1
17297,131.78,17,1
13986,320.46,17,1
12920,164.23,17,1
18249,95.34,17,1
15634,243.55,17,1
16376,977.52,8,3
16811,547.07,4,2
12452,428.57,16,3
14581,138.6,16,1
14675,604.75,16,1
17290,525.24,3,2
16343,370.47999999999996,16,2
13638,122.64,15,1
16482,220.62,15,1
12784,574.42,9,2
17458,316.5,15,1
14785,77.4,10,2
17254,272.44,4,2
17767,271.2,15,1
15725,415.25,15,1
17247,282.19,15,1
18184,49.8,15,1
15428,93.78,15,1
17727,1042.55,9,2
14756,738.96,15,1
16856,35.400000000000006,14,1
14703,318.17,14,1
17385,261.11,14,1
12531,125.22,14,1
15872,360.93,14,2
14966,191.32,14,1
17232,421.52,2,2
17468,137.0,10,2
13332,350.9,14,1
14946,100.9,14,1
13256,0.0,14,1
13596,697.04,5,2
16024,251.24,12,1
14954,336.17,12,1
17885,190.19,12,1
14093,442.85,12,1
14893,1237.8500000000001,9,2
15721,507.08,11,1
17852,114.34,11,2
13844,361.62,11,1
12479,477.3,3,3
12660,245.1,11,1
15540,213.3,11,1
17379,404.66,11,1
16800,1201.49,11,1
17806,546.04,11,1
17359,127.86,11,1
13188,114.60000000000001,11,1
14480,279.05,11,1
13349,247.32,10,1
15619,336.40000000000003,10,1
15148,301.29,10,1
14601,213.96,10,1
15783,246.3,10,1
17772,182.77,10,2
14126,643.6300000000001,7,4
16479,300.83,10,2
13428,218.47,10,1
15790,220.85,10,1
13521,1093.65,1,3
14349,133.5,10,1
18058,170.16,9,1
12953,329.85,9,1
12966,160.18,9,1
15060,303.09,8,4
17911,366.23,9,1
14804,353.27,8,1
15904,164.68,8,1
16789,80.8,8,1
12558,1.0658141036401503e-14,1,2
17942,77.50000000000001,7,1
12587,144.0,7,1
13560,174.37,7,1
15539,538.46,7,1
13017,204.0,7,1
18174,104.0,7,1
13153,486.22,5,1
15773,635.6800000000001,5,1
17936,389.84,5,1
16535,593.75,5,1
16988,126.12,5,1
15097,248.08,4,1
18015,120.03,4,1
16597,90.04,4,1
13790,348.8,4,1
14219,89.94,4,1
12367,168.9,4,1
17383,199.29,4,1
12478,680.99,3,1
15992,41.989999999999995,3,1
15318,312.62,3,1
17914,336.43,3,1
16528,244.41,3,1
12442,172.06,3,1
16569,124.2,3,1
12650,314.44,3,1
14578,168.63,3,1
16000,12393.7,2,3
15195,3861.0,2,1
14087,181.67,2,2
14204,161.03,2,1
15471,469.48,2,1
13436,196.89,1,1
15520,343.5,1,1
13298,360.0,1,1
14569,227.39,1,1
12713,848.55,0,1
